record_num,year,date,month,day,month_name,latitude,longitude,weather_disturbance,barangay,location,flood_depth_text,remarks,flood_depth_cm,flood_severity,flood,is_typhoon,is_itcz,is_sw_monsoon,is_ne_monsoon,is_easterlies,is_thunderstorm,is_lpa,precipitation,temperature,humidity,wind_speed,wind_direction,temp_max,temp_min,nearest_station,distance_to_nearest_km,temp_range,station_key,station_lat,station_lon,elevation,is_monsoon_season,precip_3day_sum,precip_7day_sum,precip_3day_avg,precip_7day_avg,precip_max_3day,precip_max_7day,precip_lag1,precip_lag2,rain_streak,humidity_3day_avg,humidity_lag1,temp_humidity_interaction,humidity_precip_interaction,temp_precip_interaction,monsoon_precip_interaction,saturation_risk,heat_index,barangay_clean,barangay_encoded
1.0,2022,2022-03-14,3,14,MARCH,14.47513822,121.0011419,Localized Thunderstorms,DIONISIO,INTERSECTION BOUNDARY OF CRUZ,LEVEL,TYPE OF VEHICLE,48,2,1,1,0,0,0,0,1,0,58.37269956279324,29.056424524628326,79.90954409079107,1.973520206336548,240.5508264109286,33.44053664843025,24.672312400826396,naia,3.310004162070957,,,,,,,76.0,76.05000000000001,25.333333333333332,10.864285714285716,63.5,63.5,0.0,12.5,1,77.0,75.0,23.218856366715304,326.33735442756125,118.66162942586558,,0,30.10414951723959,dionisio,2
2.0,2022,2022-03-14,3,14,MARCH,14.47041838,121.0106894,Localized Thunderstorms,SAN ISIDRO,COMPOUND AND PUROK 5 SAN LUCAS ST.,LEVEL,PASSABLE TO ANY TYPE OF VEHICLE PASSABLE TO ANY,20,1,1,1,0,0,0,0,1,0,57.25407617858591,29.048091224894826,79.89581360079042,1.9656810324848402,240.06147483320532,33.42749984438573,24.66868260540392,naia,3.865182724404755,,,,,,,76.0,76.05000000000001,25.333333333333332,10.864285714285716,63.5,63.5,0.0,12.5,1,77.0,75.0,23.208208819629526,324.76162704385365,118.07508983952323,,0,30.094624369182725,san isidro,8
3.0,2022,2022-03-14,3,14,MARCH,14.46696852,121.0027307,Localized Thunderstorms,SAN ISIDRO,VALLEY 6 BANANA,LEVEL,TYPE OF VEHICLE NOT PASSABLE TO,48,2,1,1,0,0,0,0,1,0,56.43366480246791,29.040690255912537,79.87914743845513,1.9621970054516413,240.37217889499016,33.41800845918352,24.66337205264155,naia,4.201183321868799,,,,,,,76.0,76.05000000000001,25.333333333333332,10.864285714285716,63.5,63.5,0.0,12.5,1,77.0,75.0,23.19745578666545,323.56092101064246,117.63310935720195,,0,30.08604813128568,san isidro,8
4.0,2022,2022-03-14,3,14,MARCH,14.50945879,121.0041835,Localized Thunderstorms,VITALEZ,COMPOUND SAN ANTONIO,LEVEL,LIGHT VEHICLE,20,1,1,1,0,0,0,0,1,0,63.245573140385844,29.097743511465854,79.9950295123993,1.9988515158357725,240.07625175540093,33.497054420967316,24.69843260196439,naia,0.5326681453100429,,,,,,,76.0,76.05000000000001,25.333333333333332,10.864285714285716,63.5,63.5,0.0,12.5,1,77.0,75.0,23.27674850943936,332.99633495656553,121.12554997335732,,0,30.15183252210287,vitalez,12
5.0,2022,2022-03-14,3,14,MARCH,14.46485244,121.0198098,Localized Thunderstorms,ANTONIO,AVE. INTERSECTION DASA FOURTH,LEVEL,SUBSIDED PASSABLE TO ANY,20,1,1,1,0,0,0,0,1,0,55.38372980792689,29.034001638007876,79.87205670588195,1.952848424331526,239.32442835563103,33.40571069260679,24.66229258340896,naia,4.718136613623353,,,,,,,76.0,76.05000000000001,25.333333333333332,10.864285714285716,63.5,63.5,0.0,12.5,1,77.0,75.0,23.190054252296346,322.0585605909129,117.07033925723893,,0,30.078505504684472,antonio,0
6.0,2022,2022-03-14,3,14,MARCH,14.46104908,121.0274713,Localized Thunderstorms,ANTONIO,ESTATE BANNAER ST.,LEVEL,TYPE OF VEHICLE,20,1,1,1,0,0,0,0,1,0,53.79118863072708,29.02237055085533,79.85369975293614,1.941279194061521,238.50689146242172,33.38713806729225,24.65760303441842,naia,5.435291927711147,,,,,,,76.0,76.05000000000001,25.333333333333332,10.864285714285716,63.5,63.5,0.0,12.5,1,77.0,75.0,23.17543664086457,319.6966338304162,116.1919134566623,,0,30.065231988378653,antonio,0
7.0,2022,2022-03-14,3,14,MARCH,14.46202658,121.03229,Localized Thunderstorms,ANTONIO,FOURTH ESTATE LOWER,LEVEL,PASSABLE TO ANY TYPE OF VEHICLE NOT PASSABLE TO,48,2,1,1,0,0,0,0,1,0,53.35261465571946,29.01954978043648,79.85060056513444,1.937421294754273,238.08316595641918,33.38200255728904,24.657097003583914,naia,5.595193438278827,,,,,,,76.0,76.05000000000001,25.333333333333332,10.864285714285716,63.5,63.5,0.0,12.5,1,77.0,75.0,23.172284780976682,319.0424932576805,115.9473998897937,,0,30.062048217680868,antonio,0
8.0,2022,2022-03-14,3,14,MARCH,14.46949357,121.0240365,Localized Thunderstorms,,SAN PEDRO,,PASSABLE TO ANY,20,1,1,1,0,0,0,0,1,0,55.927388905980514,29.038703544306298,79.88206493195521,1.9555129291599498,239.2236927762326,33.412011301802266,24.66539578681033,naia,4.431292112361122,,,,,,,76.0,76.05000000000001,25.333333333333332,10.864285714285716,63.5,63.5,0.0,12.5,1,77.0,75.0,23.196716020660737,322.865458957877,117.36795180946388,,0,30.083938927515746,unknown,11
9.0,2022,2022-03-14,3,14,MARCH,14.46947702,121.0069346,Localized Thunderstorms,SAN ISIDRO,STREET,LEVEL,TYPE OF VEHICLE NOT PASSABLE TO,94,3,1,1,0,0,0,0,1,0,57.100707178756835,29.046514228724085,79.89170827154035,1.9653696304110233,240.22003098463605,33.425736006970695,24.667292450477472,naia,3.9236655259384188,,,,,,,76.0,76.05000000000001,25.333333333333332,10.864285714285716,63.5,63.5,0.0,12.5,1,77.0,75.0,23.205756410663707,324.5343265836953,117.99210629948075,,0,30.092782478686715,san isidro,8
10.0,2022,2022-05-15,5,15,MAY,14.49993154,121.0092085,Localized Thunderstorms,STO NIÑO,LIBJO AREA ILANG ILANG,LEVEL,LIGHT VEHICLE PASSABLE TO ANY,20,1,1,1,0,0,0,0,1,0,59.35909528450296,29.943922716143856,83.98058737502515,1.9937909407455632,109.91814309771166,35.681940497484995,24.205904934802717,naia,0.715127051973438,,,,,,,64.0,64.00000000000001,21.333333333333332,9.142857142857144,59.5,59.5,0.0,4.5,1,74.33333333333333,73.0,25.147082180141197,344.34658037847635,122.77941501380725,,0,31.186696991439458,sto niño,9
11.0,2022,2022-05-15,5,15,MAY,14.46070373,121.0385847,Localized Thunderstorms,GREEN,UPS 4 CHAMPACA,LEVEL,TYPE OF VEHICLE,20,1,1,1,0,0,0,0,1,0,55.64275257654513,29.75640710759912,83.61637373887386,1.8118573042543018,108.93610254082103,35.14175619638157,24.371058018816665,naia,6.099318750898142,,,,,,,64.0,64.00000000000001,21.333333333333332,9.142857142857144,59.5,59.5,0.0,4.5,1,74.33333333333333,73.0,24.881228578350907,337.53957116216907,120.11959434873717,,0,30.97091979931852,green,4
12.0,2022,2022-05-15,5,15,MAY,14.46299503,121.0375216,Localized Thunderstorms,GREEN,EXTENSION UPS 4,LEVEL,PASSABLE TO ANY TYPE OF VEHICLE PASSABLE TO ANY,20,1,1,1,0,0,0,0,1,0,55.81698256941128,29.765982035833083,83.62919443905695,1.8209098033742597,108.94826316491972,35.16891969443312,24.363044377233038,naia,5.826910894042108,,,,,,,64.0,64.00000000000001,21.333333333333332,9.142857142857144,59.5,59.5,0.0,4.5,1,74.33333333333333,73.0,24.893050993441612,337.84816929131466,120.2496640726672,,0,30.98178698310288,green,4
13.0,2022,2022-05-15,5,15,MAY,14.48930241,121.0310212,Localized Thunderstorms,SUN VALLEY,ANNEX 41,LEVEL,TYPE OF VEHICLE PASSABLE TO ANY,20,1,1,1,0,0,0,0,1,0,57.5534096660809,29.856651186469147,83.78279198390747,1.9079548366057077,109.2750958865418,35.42847992888409,24.2848224440542,naia,3.3059931966677056,,,,,,,64.0,64.00000000000001,21.333333333333332,9.142857142857144,59.5,59.5,0.0,4.5,1,74.33333333333333,73.0,25.01473595692029,340.99087972497614,121.51475873078265,,0,31.08553365136253,sun valley,10
14.0,2022,2022-05-15,5,15,MAY,14.49255767,121.0112135,Localized Thunderstorms,MOONWALK,DAANG BATANG SCARLET,LEVEL HALF,TYPE OF VEHICLE,20,1,1,1,0,0,0,0,1,0,58.960513710466046,29.926198450315447,83.92856878274539,1.9758713098457505,109.70964202800403,35.62960417276218,24.222792727868708,naia,1.518868902730208,,,,,,,64.0,64.00000000000001,21.333333333333332,9.142857142857144,59.5,59.5,0.0,4.5,1,74.33333333333333,73.0,25.116630050433884,343.5772272318066,122.50846683402524,,0,31.165842035785342,moonwalk,7
15.0,2022,2022-05-15,5,15,MAY,14.49583651,121.0134215,Localized Thunderstorms,MOONWALK,STREET SAINT PAUL,LEVEL HALF,PASSABLE TO ANY TYPE OF VEHICLE,48,2,1,1,0,0,0,0,1,0,59.049326574321306,29.93006472618138,83.94061066825876,1.9798087562543298,109.7596920734855,35.641070983260924,24.21905846910183,naia,1.3574252986338793,,,,,,,64.0,64.00000000000001,21.333333333333332,9.142857142857144,59.5,59.5,0.0,4.5,1,74.33333333333333,73.0,25.12347910456176,343.7507628680119,122.56859344250998,,0,31.170409366248496,moonwalk,7
16.0,2022,2022-05-15,5,15,MAY,14.49482893,121.015504,Localized Thunderstorms,MOONWALK,ILOG,LEVEL,PASSABLE TO ANY TYPE OF VEHICLE PASSABLE TO ANY,94,3,1,1,0,0,0,0,1,0,58.90190841875404,29.92327181389257,83.9226601979955,1.9730225821507301,109.69284106023188,35.621157011340955,24.225386616444183,naia,1.5952368001092279,,,,,,,64.0,64.00000000000001,21.333333333333332,9.142857142857144,59.5,59.5,0.0,4.5,1,74.33333333333333,73.0,25.112405724495623,343.4709733796453,122.46722485170783,,0,31.162468456007257,moonwalk,7
17.0,2022,2022-05-15,5,15,MAY,14.50267121,121.0125305,Localized Thunderstorms,MOONWALK,KENKO AREA 1,LEVEL,TYPE OF VEHICLE PASSABLE TO ANY,20,1,1,1,0,0,0,0,1,0,59.2884177560582,29.940794687286484,83.97128251089406,1.9906233178945676,109.88052777015865,35.6726949967813,24.208894377791665,naia,0.8673252387813739,,,,,,,64.0,64.00000000000001,21.333333333333332,9.142857142857144,59.5,59.5,0.0,4.5,1,74.33333333333333,73.0,25.14166929286809,344.2100436861511,122.73150938205471,,0,31.18301319935514,moonwalk,7
18.0,2022,2022-06-08,6,8,JUNE,14.47069805,121.040021,Localized Thunderstorms,GREEN,CREEKVILLE,LEVEL,TYPE OF VEHICLE PASSABLE TO ANY,20,1,1,1,0,0,0,0,1,0,37.618270220329514,29.37097455302621,78.44397114164407,1.936405676396019,259.26494561533735,32.533254058427744,26.208695047624673,naia,5.358453455973986,,,,,,,60.5,63.55000000000001,20.166666666666668,9.078571428571431,45.0,45.0,15.5,0.0,2,76.0,76.0,23.039758802395504,286.61273660363474,107.31347828067298,,0,30.411886810360645,green,4
19.0,2022,2022-06-08,6,8,JUNE,14.46858824,121.0435637,Localized Thunderstorms,GREEN,HAPPY HOMES,LEVEL,TYPE OF VEHICLE PASSABLE TO ANY,20,1,1,1,0,0,0,0,1,0,36.8801370714677,29.367025267673544,78.39672988232832,1.928805207010008,257.8218426746827,32.52655775542656,26.20749277992054,naia,5.795183614833975,,,,,,,60.5,63.55000000000001,20.166666666666668,9.078571428571431,45.0,45.0,15.5,0.0,2,76.0,76.0,23.022787473573132,284.9271829279818,106.73230622058412,,0,30.406309074701692,green,4
20.0,2022,2022-06-08,6,8,JUNE,14.46865703,121.0435851,Localized Thunderstorms,GREEN,ARMELA,LEVEL,TYPE OF VEHICLE PASSABLE TO ANY,20,1,1,1,0,0,0,0,1,0,36.88368971980861,29.3670360014139,78.39702331849313,1.9288319768536666,257.8258667521933,32.526589810431254,26.20748219239654,naia,5.791548718171518,,,,,,,60.5,63.55000000000001,20.166666666666668,9.078571428571431,45.0,45.0,15.5,0.0,2,76.0,76.0,23.022882061978727,284.9356016438611,106.7350993361751,,0,30.406328543760385,green,4
21.0,2022,2022-06-08,6,8,JUNE,14.46908499,121.04024,Localized Thunderstorms,GREEN,SAVY 25,LEVEL,TYPE OF VEHICLE PASSABLE TO ANY,20,1,1,1,0,0,0,0,1,0,37.4151204055396,29.370057588268846,78.42961234247626,1.9345154027122304,258.92778613482017,32.531414677430796,26.208700499106904,naia,5.502836091158521,,,,,,,60.5,63.55000000000001,20.166666666666668,9.078571428571431,45.0,45.0,15.5,0.0,2,76.0,76.0,23.034822311241285,286.14660876860313,107.15522016765287,,0,30.41050322492706,green,4
22.0,2022,2022-06-08,6,8,JUNE,14.46597878,121.0449598,Localized Thunderstorms,GREEN,SEVERINA 18 EVERLASTING,LEVEL,TYPE OF VEHICLE PASSABLE TO ANY,20,1,1,1,0,0,0,0,1,0,36.42298350645389,29.36469542330292,78.36654466245993,1.9242356146139514,256.9690680112057,32.52241293098385,26.206977915622,naia,6.1055297742320835,,,,,,,60.5,63.55000000000001,20.166666666666668,9.078571428571431,45.0,45.0,15.5,0.0,2,76.0,76.0,23.012097153898008,283.86596298884456,106.36729716887766,,0,30.402958076264113,green,4
23.0,2022,2022-06-08,6,8,JUNE,14.47935455,121.0430553,Localized Thunderstorms,GREEN,COMPOUND ILANG ILANG,LEVEL,TYPE OF VEHICLE PASSABLE TO ANY,20,1,1,1,0,0,0,0,1,0,37.911719551924236,29.37159821374394,78.47030844323793,1.9383050738146488,259.5044891448907,32.53589626399603,26.207300163491848,naia,4.994781495411438,,,,,,,60.5,63.55000000000001,20.166666666666668,9.078571428571431,45.0,45.0,15.5,0.0,2,76.0,76.0,23.04798371303343,287.302985545157,107.53809975330377,,0,30.41326053335844,green,4
24.0,2022,2022-06-08,6,8,JUNE,14.46072373,121.0382676,Localized Thunderstorms,GREEN,UPS 4,LEVEL,TYPE OF VEHICLE PASSABLE TO ANY,20,1,1,1,0,0,0,0,1,0,36.716334400987776,29.367428229563185,78.37603164074719,1.9286355860472046,257.95333628851455,32.525098716205186,26.20975774292119,naia,6.077202253625252,,,,,,,60.5,63.55000000000001,20.166666666666668,9.078571428571431,45.0,45.0,15.5,0.0,2,76.0,76.0,23.01702484127616,284.5123052904423,106.60650368652652,,0,30.406211878694567,green,4
25.0,2022,2022-06-08,6,8,JUNE,14.49988816,121.0097893,Localized Thunderstorms,STO NIÑO,SITIO LIBJO,LEVEL,TYPE OF VEHICLE PASSABLE TO ANY,20,1,1,1,0,0,0,0,1,0,44.688459295030846,29.39926700567123,78.97260493877444,1.9978994505786634,269.72065940005666,32.59719340618834,26.20134060515413,naia,0.7618793863831278,,,,,,,60.5,63.55000000000001,20.166666666666668,9.078571428571431,45.0,45.0,15.5,0.0,2,76.0,76.0,23.217366987284205,301.8211133016446,112.35946319338545,,0,30.45681172408413,sto niño,9
26.0,2022,2022-06-08,6,8,JUNE,14.49840891,121.0058436,Localized Thunderstorms,STO NIÑO,HALIK ALON ST. BARCELONA,LEVEL,TYPE OF VEHICLE PASSABLE TO ANY,20,1,1,1,0,0,0,0,1,0,44.73143420260937,29.399405164487387,78.9760881075333,1.9982331365566248,269.7722737717401,32.597581337561984,26.2012289914128,naia,0.7093568293635645,,,,,,,60.5,63.55000000000001,20.166666666666668,9.078571428571431,45.0,45.0,15.5,0.0,2,76.0,76.0,23.218500125796254,301.9086760214209,112.387631518825,,0,30.457054648188382,sto niño,9
27.0,2022,2022-06-08,6,8,JUNE,14.49691623,121.0189976,Localized Thunderstorms,MERVILLE,DULO,LEVEL,TYPE OF VEHICLE PASSABLE TO ANY,20,1,1,1,0,0,0,0,1,0,43.529028104396225,29.39583340732086,78.87628567601013,1.9892452581053526,268.43189007537575,32.586733498849846,26.20493331579188,naia,1.761052980471714,,,,,,,60.5,63.55000000000001,20.166666666666668,9.078571428571431,45.0,45.0,15.5,0.0,2,76.0,76.0,23.186341535202423,299.42552512934657,111.59073705316331,,0,30.450519762926547,merville,6
28.0,2022,2022-06-08,6,8,JUNE,14.49176819,121.0310122,Localized Thunderstorms,SUN VALLEY,STA. ANA 2 EVACOM,LEVEL,TYPE OF VEHICLE PASSABLE TO ANY,20,1,1,1,0,0,0,0,1,0,41.09840859882668,29.38656615650377,78.6908829882637,1.9686492314227524,264.99953935830104,32.5647618405482,26.208370472459336,naia,3.171801586639384,,,,,,,60.5,63.55000000000001,20.166666666666668,9.078571428571431,45.0,45.0,15.5,0.0,2,76.0,76.0,23.12454838848308,294.3046845218517,109.90604951224472,,0,30.435484716847693,sun valley,10
29.0,2022,2022-09-10,9,10,SEPTEMBER,14.47513822,121.0011419,Localized Thunderstorms,DIONISIO,INTERSECTION DIAMOND ST,LEVEL,TYPE OF VEHICLE,48,2,1,1,0,0,0,0,1,0,33.86576044452963,27.45405120866404,87.87204776890906,1.973520206336548,240.63452850137983,29.887914082530884,25.0201883347972,naia,3.310004162070957,,,,,,,99.5,126.00000000000001,33.166666666666664,18.000000000000004,47.0,47.0,17.0,47.0,3,82.33333333333333,83.0,24.124436992578023,312.07804087319704,97.5032075929812,,1,28.549448687940842,dionisio,2
30.0,2022,2022-09-10,9,10,SEPTEMBER,14.47284996,120.9980518,Localized Thunderstorms,DIONISIO,BERNABE PHASE 3 OLIVAREZ,LEVEL,NOT PASSABLE TO LIGHT VEHICLE,48,2,1,1,0,0,0,0,1,0,33.62428787011318,27.4623507467998,87.85197731078122,1.9698776983621937,239.21657865223423,29.90155087125307,25.023150622346535,naia,3.614254381737375,,,,,,,99.5,126.00000000000001,33.166666666666664,18.000000000000004,47.0,47.0,17.0,47.0,3,82.33333333333333,83.0,24.12621814708572,311.39620034636846,97.34182356397854,,1,28.558054117927952,dionisio,2
31.0,2022,2022-09-10,9,10,SEPTEMBER,14.48064823,120.9966998,Localized Thunderstorms,DIONISIO,COMPOUND GREENHILLS,LEVEL,NOT PASSABLE TO LIGHT VEHICLE PASSABLE TO ANY,20,1,1,1,0,0,0,0,1,0,34.159634954837315,27.445831626066145,87.88947618373692,1.9795763132169448,242.15513096788285,29.87520449119934,25.016458760932952,naia,2.8113846488417833,,,,,,,99.5,126.00000000000001,33.166666666666664,18.000000000000004,47.0,47.0,17.0,47.0,3,82.33333333333333,83.0,24.12199765041994,312.8776311632353,97.70438006157508,,1,28.540862222359223,dionisio,2
32.0,2022,2022-09-10,9,10,SEPTEMBER,14.47868124,120.9983019,Localized Thunderstorms,DIONISIO,PNHS CAMELLA,LEVEL,TYPE OF VEHICLE PASSABLE TO ANY,20,1,1,1,0,0,0,0,1,0,34.06592010034383,27.448453437402993,87.88391600338159,1.977645604038423,241.67015058137568,29.879258816674977,25.01764805813101,naia,2.9752952163678863,,,,,,,99.5,126.00000000000001,33.166666666666664,18.000000000000004,47.0,47.0,17.0,47.0,3,82.33333333333333,83.0,24.12277576315455,312.62327804857415,97.64045437659375,,1,28.54360103234271,dionisio,2
33.0,2022,2022-09-10,9,10,SEPTEMBER,14.45796236,121.0102374,Localized Thunderstorms,SAN ISIDRO,HOMES VALLEY 2 SAN,LEVEL,TYPE OF VEHICLE PASSABLE TO ANY,48,2,1,1,0,0,0,0,1,0,32.68250405239561,27.48587147544685,87.80661727659421,1.9480356507005052,234.65097209124644,29.936453506918465,25.03528944397523,naia,5.230448272454381,,,,,,,99.5,126.00000000000001,33.166666666666664,18.000000000000004,47.0,47.0,17.0,47.0,3,82.33333333333333,83.0,24.134413971582195,308.81398818918257,96.66721999380115,,1,28.582742518547043,san isidro,8
34.0,2022,2022-09-10,9,10,SEPTEMBER,14.46935974,121.0075128,Localized Thunderstorms,SAN ISIDRO,FELIPE SILVERIO,LEVEL,TYPE OF VEHICLE,48,2,1,1,0,0,0,0,1,0,33.49021127889914,27.46375127880046,87.85276623065413,1.965087258487415,238.7789529580832,29.90249492829495,25.025007629305975,naia,3.9408902991926857,,,,,,,99.5,126.00000000000001,33.166666666666664,18.000000000000004,47.0,47.0,17.0,47.0,3,82.33333333333333,83.0,24.12766520913285,311.05814163272515,97.2402327391512,,1,28.559615302703143,san isidro,8
35.0,2022,2022-09-10,9,10,SEPTEMBER,14.4724303,121.0125807,Localized Thunderstorms,SAN ISIDRO,COMPOUND PUROK 5,LEVEL,NOT PASSABLE TO LIGHT VEHICLE PASSABLE TO ANY,20,1,1,1,0,0,0,0,1,0,33.68412806174924,27.456758716857635,87.87010246312953,1.9677297744201034,239.95335675630994,29.890867028218025,25.022650405497245,naia,3.6859071977798106,,,,,,,99.5,126.00000000000001,33.166666666666664,18.000000000000004,47.0,47.0,17.0,47.0,3,82.33333333333333,83.0,24.12628201755705,311.6121783221414,97.36941409639881,,1,28.552376152858454,san isidro,8
36.0,2022,2022-09-10,9,10,SEPTEMBER,14.4699983,121.0048132,Localized Thunderstorms,SAN ISIDRO,VALLEY 15 GREENHEIGHTS,LEVEL,TYPE OF VEHICLE,48,2,1,1,0,0,0,0,1,0,33.52566667897215,27.463436287658677,87.85235163841384,1.9664018254185136,238.88864355857785,29.902359678365798,25.024512896951556,naia,3.8586587964936916,,,,,,,99.5,126.00000000000001,33.166666666666664,18.000000000000004,47.0,47.0,17.0,47.0,3,82.33333333333333,83.0,24.12727461942565,311.1469381581751,97.26733494144402,,1,28.559257986983134,san isidro,8
37.0,2022,2022-09-10,9,10,SEPTEMBER,14.46784745,121.0142414,Localized Thunderstorms,SAN ISIDRO,ENTRANCE LOPEZ AVE,LEVEL,SUBSIDED PASSABLE TO ANY,20,1,1,1,0,0,0,0,1,0,33.33792372063134,27.466316108954757,87.85003872511291,1.9604866778735157,238.1757008557785,29.90557979344239,25.02705242446713,naia,4.223273823194842,,,,,,,99.5,126.00000000000001,33.166666666666664,18.000000000000004,47.0,47.0,17.0,47.0,3,82.33333333333333,83.0,24.12916933807868,310.65973381083916,97.1277710858093,,1,28.56236539767262,san isidro,8
38.0,2022,2022-09-10,9,10,SEPTEMBER,14.4685983,121.0119256,Localized Thunderstorms,SAN ISIDRO,BRIDGE SANTOS,LEVEL,TYPE OF VEHICLE PASSABLE TO ANY,94,3,1,1,0,0,0,0,1,0,33.4170679749811,27.46468675757759,87.85255884477453,1.9626218478609274,238.5215241367559,29.903364167657635,25.02600934749754,naia,4.087962380944457,,,,,,,99.5,126.00000000000001,33.166666666666664,18.000000000000004,47.0,47.0,17.0,47.0,3,82.33333333333333,83.0,24.12843009523385,310.87090081509456,97.18523882745599,,1,28.560638914282233,san isidro,8
39.0,2022,2022-09-10,9,10,SEPTEMBER,14.48505478,121.0303088,Localized Thunderstorms,DON BOSCO,COMPOUND EUTHOPIA,LEVEL,TYPE OF VEHICLE PASSABLE TO ANY,20,1,1,1,0,0,0,0,1,0,33.730390631511085,27.451284225853776,87.88839786597974,1.9650757744380754,240.64846540774272,29.88022860143126,25.022339850276296,naia,3.513152341867254,,,,,,,99.5,126.00000000000001,33.166666666666664,18.000000000000004,47.0,47.0,17.0,47.0,3,82.33333333333333,83.0,24.1264938997393,311.79420864630254,97.38659082825224,,1,28.54683192605085,don bosco,3
40.0,2022,2022-09-10,9,10,SEPTEMBER,14.48316933,121.0343883,Localized Thunderstorms,DON BOSCO,STREET INDIA STREET,LEVEL,TYPE OF VEHICLE PASSABLE TO ANY,20,1,1,1,0,0,0,0,1,0,33.39548069682664,27.459101415992226,87.87430240341796,1.9568364080328347,239.0845169827258,29.891510075453933,25.02669275653052,naia,3.98896862428407,,,,,,,99.5,126.00000000000001,33.166666666666664,18.000000000000004,47.0,47.0,17.0,47.0,3,82.33333333333333,83.0,24.12949381555023,310.89270720568874,97.1482463378433,,1,28.555062787014037,don bosco,3
41.0,2022,2022-09-10,9,10,SEPTEMBER,14.48,121.02,Localized Thunderstorms,DON BOSCO,ANNEX 35 FRANCE ST,LEVEL,TYPE OF VEHICLE PASSABLE TO ANY,94,3,1,1,0,0,0,0,1,0,34.00502718359341,27.445782376662752,87.89657696706374,1.972616242471242,241.83191501797077,29.872854522843788,25.018710230481723,naia,3.19974792175677,,,,,,,99.5,126.00000000000001,33.166666666666664,18.000000000000004,47.0,47.0,17.0,47.0,3,82.33333333333333,83.0,24.123903230916188,312.5155485456562,97.58325102832492,,1,28.540993457357906,don bosco,3
42.0,2022,2022-09-10,9,10,SEPTEMBER,14.48,121.02,Localized Thunderstorms,DON BOSCO,ANNEX 35 F. SERRANO,LEVEL,TYPE OF VEHICLE,48,2,1,1,0,0,0,0,1,0,34.00502718359341,27.445782376662752,87.89657696706374,1.972616242471242,241.83191501797077,29.872854522843788,25.018710230481723,naia,3.19974792175677,,,,,,,99.5,126.00000000000001,33.166666666666664,18.000000000000004,47.0,47.0,17.0,47.0,3,82.33333333333333,83.0,24.123903230916188,312.5155485456562,97.58325102832492,,1,28.540993457357906,don bosco,3
43.0,2022,2022-09-10,9,10,SEPTEMBER,14.48867823,121.0260738,Localized Thunderstorms,DON BOSCO,ELEM SCHOOL CREEK SIDE,LEVEL,PASSABLE TO ANY TYPE OF VEHICLE PASSABLE TO ANY,48,2,1,1,0,0,0,0,1,0,34.144814938856015,27.44067561191841,87.90931984206773,1.97446412387969,242.68570409652366,29.86433586154378,25.01701536229305,naia,2.9057190314197867,,,,,,,99.5,126.00000000000001,33.166666666666664,18.000000000000004,47.0,47.0,17.0,47.0,3,82.33333333333333,83.0,24.12291129050563,312.91121041201814,97.67445631105878,,1,28.535708746764247,don bosco,3
44.0,2022,2022-09-10,9,10,SEPTEMBER,14.49556193,121.0253435,Localized Thunderstorms,MERVILLE,SITIO TUYUAN,LEVEL,TYPE OF VEHICLE PASSABLE TO ANY,48,2,1,1,0,0,0,0,1,0,34.41464354607417,27.43315101323801,87.9252387694021,1.98004404991787,244.07944038539708,29.85271255414833,25.013589472327695,naia,2.4386218292579867,,,,,,,99.5,126.00000000000001,33.166666666666664,18.000000000000004,47.0,47.0,17.0,47.0,3,82.33333333333333,83.0,24.120663530360172,313.6403519966267,97.85748961949729,,1,28.5278473490962,merville,6
45.0,2022,2022-09-10,9,10,SEPTEMBER,14.50713342,121.0345085,Localized Thunderstorms,MERVILLE,SITIO WELLA,LEVEL,TYPE OF VEHICLE PASSABLE TO ANY,48,2,1,1,0,0,0,0,1,0,33.548855559805,27.455981869364408,87.87904482653423,1.961006975281752,239.75055092122204,29.887294890831583,25.02466884789723,naia,3.2148092143319063,,,,,,,99.5,126.00000000000001,33.166666666666664,18.000000000000004,47.0,47.0,17.0,47.0,3,82.33333333333333,83.0,24.128054614543856,311.3004809301399,97.25936800079602,,1,28.55175511566035,merville,6
46.0,2022,2022-09-10,9,10,SEPTEMBER,14.50631058,121.02958,Localized Thunderstorms,MERVILLE,MANGGAHAN,LEVEL,TYPE OF VEHICLE PASSABLE TO ANY,48,2,1,1,0,0,0,0,1,0,34.04272111153578,27.443734953706887,87.90250692976569,1.9725360596432118,242.13521977701927,29.86917235100349,25.01829755641029,naia,2.6788455127190907,,,,,,,99.5,126.00000000000001,33.166666666666664,18.000000000000004,47.0,47.0,17.0,47.0,3,82.33333333333333,83.0,24.123731019468728,312.63123626437084,97.60550735082408,,1,28.538896130021456,merville,6
47.0,2022,2022-09-10,9,10,SEPTEMBER,14.48,121.02,Localized Thunderstorms,MERVILLE,SITION CATMEL,LEVEL,TYPE OF VEHICLE PASSABLE TO ANY,48,2,1,1,0,0,0,0,1,0,34.00502718359341,27.445782376662752,87.89657696706374,1.972616242471242,241.83191501797077,29.872854522843788,25.018710230481723,naia,3.19974792175677,,,,,,,99.5,126.00000000000001,33.166666666666664,18.000000000000004,47.0,47.0,17.0,47.0,3,82.33333333333333,83.0,24.123903230916188,312.5155485456562,97.58325102832492,,1,28.540993457357906,merville,6
48.0,2022,2022-09-10,9,10,SEPTEMBER,14.49794153,121.0332297,Localized Thunderstorms,MERVILLE,EDISON FOURTH ESTATE,LEVEL,TYPE OF VEHICLE,48,2,1,1,0,0,0,0,1,0,33.8111607649485,27.44866750667091,87.89451828547709,1.9664316954631673,241.10537953386378,29.87599656293787,25.021338450403952,naia,3.156565682968041,,,,,,,99.5,126.00000000000001,33.166666666666664,18.000000000000004,47.0,47.0,17.0,47.0,3,82.33333333333333,83.0,24.125874080770668,312.0200945843432,97.44106912138083,,1,28.54411334590323,merville,6
49.0,2022,2022-09-10,9,10,SEPTEMBER,14.46120376,121.0309414,Localized Thunderstorms,ANTONIO,ELEMTARY SCHOOL FOURTH,LEVEL,PASSABLE TO ANY TYPE OF VEHICLE,20,1,1,1,0,0,0,0,1,0,32.509488471967934,27.48312185502397,87.82458715929867,1.9379218263471487,234.5830084978941,29.928256477534198,25.037987232513743,naia,5.598482147196611,,,,,,,99.5,126.00000000000001,33.166666666666664,18.000000000000004,47.0,47.0,17.0,47.0,3,82.33333333333333,83.0,24.13693830766179,308.42490019202114,96.51601435627646,,1,28.580187149685838,antonio,0
50.0,2022,2022-09-10,9,10,SEPTEMBER,14.4610362,121.0272668,Localized Thunderstorms,ANTONIO,ESTATE BRIDGE SOUTHBOUND FOURTH,LEVEL,SUBSIDED,48,2,1,1,0,0,0,0,1,0,32.61408631673607,27.481797411157544,87.82483414822089,1.941458962757564,234.94968905735277,29.927040968534676,25.036553853780404,naia,5.426700480752506,,,,,,,99.5,126.00000000000001,33.166666666666664,18.000000000000004,47.0,47.0,17.0,47.0,3,82.33333333333333,83.0,24.135842997299175,308.69948052388594,96.59701230257164,,1,28.578736710587943,antonio,0
51.0,2022,2022-09-10,9,10,SEPTEMBER,14.46109681,121.0273484,Localized Thunderstorms,ANTONIO,ESTATE BRIDGE NORTHBOUND LUPANG,LEVEL,PASSABLE TO ANY TYPE OF VEHICLE,48,2,1,1,0,0,0,0,1,0,32.61518753761099,27.481739923696537,87.824998732153,1.9414586287140279,234.95829630943555,29.926938203790165,25.036541643602913,naia,5.424605762686696,,,,,,,99.5,126.00000000000001,33.166666666666664,18.000000000000004,47.0,47.0,17.0,47.0,3,82.33333333333333,83.0,24.13583773956007,308.70293618837735,96.59771054348525,,1,28.578677771850177,antonio,0
52.0,2022,2022-09-10,9,10,SEPTEMBER,14.46223953,121.0317587,Localized Thunderstorms,ANTONIO,HINIRANG AREA2 MA. SUSAFE ST,LEVEL,PASSABLE TO ANY TYPE OF VEHICLE PASSABLE TO ANY,48,2,1,1,0,0,0,0,1,0,32.53668343694916,27.482126994175715,87.82707130285132,1.9382801423609188,234.74925763578628,29.926596393009646,25.037657595341784,naia,5.544917747687151,,,,,,,99.5,126.00000000000001,33.166666666666664,18.000000000000004,47.0,47.0,17.0,47.0,3,82.33333333333333,83.0,24.136747270714853,308.50487212118554,96.53481492876682,,1,28.57915766650107,antonio,0
53.0,2022,2022-09-10,9,10,SEPTEMBER,14.47293107,121.0203284,Localized Thunderstorms,ANTONIO,VALLEY 1 PASCUAL,LEVEL,TYPE OF VEHICLE PASSABLE TO ANY,48,2,1,1,0,0,0,0,1,0,33.54748168840404,27.458777133717778,87.86870780669493,1.9633575255399727,239.44291240548154,29.89305036315367,25.024503904281893,naia,3.910412952333967,,,,,,,99.5,126.00000000000001,33.166666666666664,18.000000000000004,47.0,47.0,17.0,47.0,3,82.33333333333333,83.0,24.127672646918036,311.2603690748171,97.26817792503078,,1,28.554559995375477,antonio,0
55.0,2022,2022-09-10,9,10,SEPTEMBER,14.46621612,121.0256832,Localized Thunderstorms,ANTONIO,VILLAGE,LEVEL,TYPE OF VEHICLE PASSABLE TO ANY,48,2,1,1,0,0,0,0,1,0,32.9635789808071,27.47319488442048,87.84119862193438,1.9496731368642652,236.63024133798086,29.914348920231742,25.032040848609217,naia,4.836342466280265,,,,,,,99.5,126.00000000000001,33.166666666666664,18.000000000000004,47.0,47.0,17.0,47.0,3,82.33333333333333,83.0,24.132783686214907,309.66558876292186,96.85094468825012,,1,28.569701225768597,antonio,0
56.0,2022,2022-09-10,9,10,SEPTEMBER,14.47391824,121.0247116,Localized Thunderstorms,ANTONIO,VALLEY 3,LEVEL,TYPE OF VEHICLE NOT PASSABLE TO,48,2,1,1,0,0,0,0,1,0,33.45465475871431,27.46022104164721,87.86748974400973,1.9604501369982361,239.08822526033416,29.89468386889445,25.025758214399975,naia,4.041443762635297,,,,,,,99.5,126.00000000000001,33.166666666666664,18.000000000000004,47.0,47.0,17.0,47.0,3,82.33333333333333,83.0,24.12860690745176,311.01964206677934,97.1994095237028,,1,28.556116489127735,antonio,0
57.0,2022,2022-09-10,9,10,SEPTEMBER,14.49993154,121.0092085,Localized Thunderstorms,STO NIÑO,SITIO LIBJO HALIK ALON ST.,LEVEL,LIGHT VEHICLE NOT PASSABLE TO,94,3,1,1,0,0,0,0,1,0,35.37842191291286,27.404160034108116,87.98996424901685,1.9981499392456765,249.28811699795185,29.806827362590774,25.001492705625466,naia,0.715127051973438,,,,,,,99.5,126.00000000000001,33.166666666666664,18.000000000000004,47.0,47.0,17.0,47.0,3,82.33333333333333,83.0,24.112910616755094,316.23380165002555,98.4898878250031,,1,28.497647326243257,sto niño,9
58.0,2022,2022-09-10,9,10,SEPTEMBER,14.49840891,121.0058436,Localized Thunderstorms,STO NIÑO,KAINGIN ROAD AREA 1 KENKO,LEVEL,ALL TYPES OF VEHICLES NOT PASSABLE TO,48,2,1,1,0,0,0,0,1,0,35.38073518517362,27.404136503096804,87.98994828316678,1.9982331365566248,249.29559852191898,29.80681238205377,25.00146062413984,naia,0.7093568293635645,,,,,,,99.5,126.00000000000001,33.166666666666664,18.000000000000004,47.0,47.0,17.0,47.0,3,82.33333333333333,83.0,24.112885536523308,316.2393392956638,98.49154580495924,,1,28.497621025244726,sto niño,9
59.0,2022,2022-10-19,10,19,SEPTEMBER,14.50275701,121.0125066,Localized,MOONWALK,EXTENSION Fourth Estate,LEVEL,LIGHT VEHICLE,48,2,1,0,0,0,0,0,0,0,16.111053551172805,28.587885359888425,83.04643075798349,1.9971889030401757,60.713827995209805,31.979681004039794,25.19608971573706,naia,0.8624015947844429,,,,,,,29.0,31.05000000000001,9.666666666666666,4.435714285714288,16.0,16.0,10.0,3.0,4,79.33333333333333,77.0,23.74121842057144,235.828997446361,81.1817230674405,,0,29.670664032335722,moonwalk,7
60.0,2022,2022-10-19,10,19,October,14.46109681,121.0273484,Localized,ANTONIO,"Main Road Sunrise, Infornt of",Level,NOT PASSABLE TO LIGHT VEHICLE,48,2,1,0,0,0,0,0,0,0,18.644731170889504,28.39165657532241,83.80416529766846,1.9414586287140279,75.51657762083728,31.654979617019315,25.128333533625504,naia,5.424605762686696,,,,,,,29.0,31.05000000000001,9.666666666666666,4.435714285714288,16.0,16.0,10.0,3.0,4,79.33333333333333,77.0,23.793390807129548,249.55281178725053,84.54493526071559,,0,29.474597660071545,antonio,0
61.0,2022,2022-10-19,10,19,October,14.4628343,121.0340127,Localized,ANTONIO,Brgy Hall Area 2 Lupang Hinirang,Level,NOT PASSABLE TO LIGHT VEHICLE,48,2,1,0,0,0,0,0,0,0,18.921518882380074,28.379573636764007,83.85175442600637,1.93635112142851,76.96062343885133,31.635712090516986,25.123435183011022,naia,5.621036263250062,,,,,,,29.0,31.05000000000001,9.666666666666666,4.435714285714288,16.0,16.0,10.0,3.0,4,79.33333333333333,77.0,23.796770393046998,250.86772068051397,84.90602254985966,,0,29.462549032675017,antonio,0
63.0,2022,2022-10-19,10,19,October,14.4695062,121.0240106,Localized,ANTONIO,San Antonio Evacom,Level,NOT PASSABLE TO LIGHT VEHICLE,20,1,1,0,0,0,0,0,0,0,17.972317592850484,28.437106997137846,83.62799956051174,1.9555541434932455,71.7106758401145,31.729672310509095,25.144541683766597,naia,4.428745274455938,,,,,,,29.0,31.05000000000001,9.666666666666666,4.435714285714288,16.0,16.0,10.0,3.0,4,79.33333333333333,77.0,23.781383714588692,246.11560942242608,83.68986410761983,,0,29.519993240931665,antonio,0
64.0,2022,2022-10-19,10,19,October,14.47513822,121.0011419,Localized,DIONISIO,Intersection,Level,PASSABLE TO ANY TYPE OF VEHICLE,20,1,1,0,0,0,0,0,0,0,17.071854916148343,28.489292648165005,83.4247382254982,1.973520206336548,66.77458107031183,31.814661507325276,25.163923789004727,naia,3.310004162070957,,,,,,,29.0,31.05000000000001,9.666666666666666,4.435714285714288,16.0,16.0,10.0,3.0,4,79.33333333333333,77.0,23.76711781402776,241.4608708613017,82.45814801904727,,0,29.572090077758403,dionisio,2
65.0,2022,2022-10-19,10,19,October,14.47868124,120.9983019,Localized,DIONISIO,PNHS Footbridge Infront of PERU,Level,PASSABLE TO ANY TYPE OF VEHICLE,20,1,1,0,0,0,0,0,0,0,16.884297915394317,28.503817941439266,83.36864895538879,1.977645604038423,65.6788108861495,31.838696578586486,25.16893930429204,naia,2.9752952163678863,,,,,,,29.0,31.05000000000001,9.666666666666666,4.435714285714288,16.0,16.0,10.0,3.0,4,79.33333333333333,77.0,23.76324791848163,240.42877390891096,82.20281946814596,,0,29.58660334719612,dionisio,2
66.0,2022,2022-10-19,10,19,October,14.46917885,121.0112578,Localized,SAN ISIDRO,Base GREENHEIGHTS,Level,SUBSIDED,48,2,1,0,0,0,0,0,0,0,17.545880051318438,28.458479606263715,83.54430952971498,1.9637121380882925,69.43487769288652,31.764132929075007,25.15282628345242,naia,4.011411521080157,,,,,,,29.0,31.05000000000001,9.666666666666666,4.435714285714288,16.0,16.0,10.0,3.0,4,79.33333333333333,77.0,23.77544028970777,243.97007480531957,83.10580861185204,,0,29.541317871277087,san isidro,8
67.0,2022,2022-10-19,10,19,October,14.46784745,121.0142414,Localized,SAN ISIDRO,ENTRANCE,Level,SUBSIDED,48,2,1,0,0,0,0,0,0,0,17.703902157316243,28.44862909830307,83.58258481487373,1.9604866778735157,70.31392382098005,31.74801861434915,25.149239582256985,naia,4.223273823194842,,,,,,,29.0,31.05000000000001,9.666666666666666,4.435714285714288,16.0,16.0,10.0,3.0,4,79.33333333333333,77.0,23.77809954475801,244.79100530046514,83.31841533518138,,0,29.53148172274396,san isidro,8
68.0,2022,2022-10-29,10,29,October,14.46833371,121.0020815,Surface Windflow,SAN ISIDRO,SAV 12 CANAYNAY,Level,NOT PASSABLE TO LIGHT VEHICLE PASSABLE TO ANY,20,1,1,0,0,0,0,0,0,0,174.22054797563442,25.807995495647635,92.87938265443579,6.892381976819282,322.2390226128377,27.405753821169938,24.21023717012534,naia,4.053947049027114,,,,,,,210.0,276.05,70.0,39.43571428571429,178.0,178.0,32.0,0.0,2,79.0,77.0,23.97030689184212,479.8191125871784,133.32527782239885,,1,26.86953448118934,san isidro,8
69.0,2022,2022-10-29,10,29,October,14.47513822,121.0011419,STS PAENG,DIONISIO,AVE. IN FRONT OF SAN ANTONIO,Level,TYPE OF VEHICLE,20,1,1,0,0,0,0,0,0,0,175.1593433803592,25.82989165462072,92.90403582668178,6.920560619009644,321.69895290199287,27.405402111420987,24.254381197820454,naia,3.310004162070957,,,,,,,210.0,276.05,70.0,39.43571428571429,178.0,178.0,32.0,0.0,2,79.0,77.0,23.99701179680192,480.4429038722501,133.5764161677842,,1,26.894263977779488,dionisio,2
70.0,2022,2022-10-29,10,29,October,14.48719596,120.9873111,STS PAENG,DIONISIO,DE PADUA TRAMO 1 DIAMOND ST.,Level,PASSABLE TO ANY TYPE OF VEHICLE,20,1,1,0,0,0,0,0,0,0,175.70713330671762,25.839969399004282,92.90345795531222,6.941082092977497,321.42918572488526,27.40823461984496,24.271704178163606,naia,2.704311680398423,,,,,,,210.0,276.05,70.0,39.43571428571429,178.0,178.0,32.0,0.0,2,79.0,77.0,24.006225106269486,480.72836236679706,133.70876010628825,,1,26.905334407737858,dionisio,2
71.0,2022,2022-10-29,10,29,October,14.47279777,120.9980289,STS PAENG,DIONISIO,BERNABE PHASE 3 PNHS MAIN SAN,Level,PASSABLE TO ANY TYPE OF VEHICLE,20,1,1,0,0,0,0,0,0,0,174.74699610190734,25.819466340539112,92.88872823968708,6.909404795943076,321.9497477895119,27.406465932844565,24.232466748233662,naia,3.620433130547814,,,,,,,210.0,276.05,70.0,39.43571428571429,178.0,178.0,32.0,0.0,2,79.0,77.0,23.983373922000855,480.14605701062345,133.4619947162938,,1,26.882396434184848,dionisio,2
72.0,2022,2022-10-29,10,29,October,14.47868124,120.9983019,STS PAENG,DIONISIO,"DIONISIO (NORTHBOUND) PASCOR DRIVE,",Level,PASSABLE TO ANY TYPE OF VEHICLE PASSABLE TO ANY,20,1,1,0,0,0,0,0,0,0,175.55753826449947,25.83889845686076,92.91293700253618,6.932936812115269,321.4745958215551,27.40556874119267,24.272228172528852,naia,2.9752952163678863,,,,,,,210.0,276.05,70.0,39.43571428571429,178.0,178.0,32.0,0.0,2,79.0,77.0,24.007679445372332,480.69872097465526,133.68133480989758,,1,26.904403879835286,dionisio,2
73.0,2022,2022-10-29,10,29,October,14.48,121.02,STS PAENG,STO NIÑO,"SITIO LIBJO SAVTODA TERMINAL, SAN",Level,TYPE OF VEHICLE,20,1,1,0,0,0,0,0,0,0,175.22130408627982,25.8343613933845,92.9224327252978,6.917848727413726,321.6124654658316,27.401974376105528,24.266748410663475,naia,3.19974792175677,,,,,,,210.0,276.05,70.0,39.43571428571429,178.0,178.0,32.0,0.0,2,79.0,77.0,24.00591708577802,480.5707193460466,133.60861607408737,,1,26.899661053883506,sto niño,9
74.0,2022,2022-10-29,10,29,October,14.46565005,121.0206849,STS PAENG,ANTONIO,VICENTE FERRER ST. VALLEY 1 SAN VICENTE,Level,PASSABLE TO ANY TYPE OF VEHICLE,20,1,1,0,0,0,0,0,0,0,173.35671669852684,25.792211904697357,92.88089492691766,6.859857022346863,322.662606855924,27.40116511515997,24.18325869423475,naia,4.66873485470818,,,,,,,210.0,276.05,70.0,39.43571428571429,178.0,178.0,32.0,0.0,2,79.0,77.0,23.956037238529902,479.36789299884794,133.11626988804343,,1,26.85221201825884,antonio,0
75.0,2022,2022-10-29,10,29,October,14.46521569,121.0199061,STS PAENG,ANTONIO,ST. COR SAN ANTONIO AVE. NUESTRA SEÑORA DE LA,Level,PASSABLE TO ANY TYPE OF VEHICLE,20,1,1,0,0,0,0,0,0,0,173.34799726536215,25.79185309006491,92.87980408589455,6.859830259063277,322.67023597319275,27.401343353559348,24.182362826570476,naia,4.683826125043386,,,,,,,210.0,276.05,70.0,39.43571428571429,178.0,178.0,32.0,0.0,2,79.0,77.0,23.95542262017403,479.3576180983996,133.11312814746756,,1,26.85178883909199,antonio,0
76.0,2022,2022-10-29,10,29,October,14.4658054,121.0188268,STS PAENG,ANTONIO,PAZ ST VALLEY 1 BANNER AVE. COR FAME ST,Level Below,PASSABLE TO ANY TYPE OF VEHICLE,20,1,1,0,0,0,0,0,0,0,173.48832069921582,25.79477364125405,92.88153567848701,6.864574686133002,322.59543299497994,27.401687345069895,24.187859937438205,naia,4.582690955256161,,,,,,,210.0,276.05,70.0,39.43571428571429,178.0,178.0,32.0,0.0,2,79.0,77.0,23.958581882786344,479.44128028289947,133.14895375954538,,1,26.855046659206614,antonio,0
77.0,2022,2022-10-29,10,29,October,14.46218759,121.031898,STS PAENG,ANTONIO,"AREA 2 FOURTH ESTATE LOWER BRGY,",Level Below,NOT PASSABLE TO LIGHT VEHICLE,48,2,1,0,0,0,0,0,0,0,172.04936625457384,25.76597729890907,92.87016960770194,6.814180512940259,323.34312910945033,27.396862467108374,24.135092130709772,naia,5.557708484900847,,,,,,,210.0,276.05,70.0,39.43571428571429,178.0,178.0,32.0,0.0,2,79.0,77.0,23.928906818578835,478.6135615197336,132.78694561622464,,1,26.823073901889977,antonio,0
78.0,2022,2022-10-29,10,29,October,14.46953007,121.0240237,STS PAENG,ANTONIO,"VALLEY 1 CREEKDRIVE 2,",Level,NOT PASSABLE TO LIGHT VEHICLE NOT PASSABLE TO,48,2,1,0,0,0,0,0,0,0,173.60751597598397,25.798502982015396,92.88992900616053,6.866717593462456,322.5109053794304,27.400574178101568,24.196431785929224,naia,4.427060871211338,,,,,,,210.0,276.05,70.0,39.43571428571429,178.0,178.0,32.0,0.0,2,79.0,77.0,23.96421110464631,479.54803812104524,133.1858213678355,,1,26.859368093155567,antonio,0
79.0,2022,2022-10-29,10,29,October,14.47154581,121.0299704,STS PAENG,ANTONIO,VALLEY 8 SCHOLASTIC,Level,LIGHT VEHICLE PASSABLE TO ANY,20,1,1,0,0,0,0,0,0,0,173.2831750235729,25.79253535826291,92.89026732232618,6.854568079052577,322.6706434637912,27.398897856819318,24.186172859706502,naia,4.578491113114401,,,,,,,210.0,276.05,70.0,39.43571428571429,178.0,178.0,32.0,0.0,2,79.0,77.0,23.958755043495916,479.3770765789631,133.10705797303527,,1,26.852812540838826,antonio,0
80.0,2022,2022-10-29,10,29,October,14.47177702,121.0238514,STS PAENG,ANTONIO,ST. VALLEY 1 GAWAD,Level,TYPE OF VEHICLE NOT PASSABLE TO,48,2,1,0,0,0,0,0,0,0,173.89799106891448,25.804969701052546,92.8958480433919,6.875902307956903,322.3489822712955,27.400812300495605,24.20912710160949,naia,4.198861224376031,,,,,,,210.0,276.05,70.0,39.43571428571429,178.0,178.0,32.0,0.0,2,79.0,77.0,23.971745441133095,479.73300747244645,133.2620992559194,,1,26.86663603673526,antonio,0
81.0,2022,2022-10-29,10,29,October,14.48,121.02,STS PAENG,MOONWALK,KALINGA AYA,Level,LIGHT VEHICLE PASSABLE TO ANY,20,1,1,0,0,0,0,0,0,0,175.22130408627982,25.8343613933845,92.9224327252978,6.917848727413726,321.6124654658316,27.401974376105528,24.266748410663475,naia,3.19974792175677,,,,,,,210.0,276.05,70.0,39.43571428571429,178.0,178.0,32.0,0.0,2,79.0,77.0,24.00591708577802,480.5707193460466,133.60861607408737,,1,26.899661053883506,moonwalk,7
82.0,2022,2022-10-29,10,29,October,14.49452415,121.0044093,STS PAENG,MOONWALK,GALATIA,Level,TYPE OF VEHICLE NOT PASSABLE TO,94,3,1,0,0,0,0,0,0,0,177.52841086472273,25.888031174653406,92.98223974561634,6.987310510416461,320.28759489033814,27.4012681104528,24.37479423885401,naia,1.1321006782242022,,,,,,,210.0,276.05,70.0,39.43571428571429,178.0,178.0,32.0,0.0,2,79.0,77.0,24.07127121223613,482.089458595814,134.22291146399925,,1,26.960259441032058,moonwalk,7
83.0,2022,2022-10-29,10,29,October,14.48,121.02,STS PAENG,MOONWALK,HAISE 2,Level,LIGHT VEHICLE NOT PASSABLE TO,94,3,1,0,0,0,0,0,0,0,175.22130408627982,25.8343613933845,92.9224327252978,6.917848727413726,321.6124654658316,27.401974376105528,24.266748410663475,naia,3.19974792175677,,,,,,,210.0,276.05,70.0,39.43571428571429,178.0,178.0,32.0,0.0,2,79.0,77.0,24.00591708577802,480.5707193460466,133.60861607408737,,1,26.899661053883506,moonwalk,7
84.0,2022,2022-10-29,10,29,October,14.50724103,121.0344902,STS PAENG,MERVILLE,SITIO WELLA,LEVEL,LIGHT VEHICLE NOT PASSABLE TO,48,2,1,0,0,0,0,0,0,0,174.18438196877688,25.812691276751885,92.90914552254976,6.882923722555586,322.1667135489271,27.39953224258245,24.22585031092132,naia,3.213875294750586,,,,,,,210.0,276.05,70.0,39.43571428571429,178.0,178.0,32.0,0.0,2,79.0,77.0,23.98235090160392,479.9536902321759,133.34420808007627,,1,26.875476981960315,merville,6
85.0,2022,2022-10-30,10,30,October,14.4953319,121.0253154,STS PAENG,MERVILLE,SITIO TUYUAN EVACOM,Level,LIGHT VEHICLE NOT PASSABLE TO,94,3,1,0,0,0,0,0,0,0,6.500226155299469,27.733204283413823,81.94506165586435,3.9786959020251564,127.51250568520639,30.236760006953958,25.229648559873695,naia,2.4466534459245226,,,,,,,216.5,281.55,72.16666666666667,40.221428571428575,178.0,178.0,178.0,32.0,3,84.0,93.0,22.72599134919027,165.1138231863302,55.880553335507344,,0,28.70175687721389,merville,6
87.0,2022,2022-10-30,10,30,,14.48380721,120.9947401,,DIONISIO,SM SUCAT SITIO,,PASSABLE TO ANY,20,1,1,0,0,0,0,0,0,0,6.4711319909780745,27.734923330819367,81.91645763609259,3.9900744823601704,127.01990007577332,30.241132890924955,25.228713770713778,naia,2.5609834974853776,,,,,,,216.5,281.55,72.16666666666667,40.221428571428575,178.0,178.0,178.0,32.0,3,84.0,93.0,22.719466720693404,164.7378075469899,55.776221211864666,,0,28.70290094662151,dionisio,2
88.0,2022,2022-10-30,10,30,October,14.48,121.02,STS PAENG,DIONISIO,KALAYAAN GATCHALIAN,Level,TYPE OF VEHICLE NOT PASSABLE TO,94,3,1,0,0,0,0,0,0,0,6.499565646166739,27.74555918825734,81.9239607245925,3.9710882431765477,126.57763145778392,30.25050114000995,25.24061723650473,naia,3.19974792175677,,,,,,,216.5,281.55,72.16666666666667,40.221428571428575,178.0,178.0,178.0,32.0,3,84.0,93.0,22.730261012206512,165.06409124985808,55.90300411652403,,0,28.714796303780766,dionisio,2
89.0,2022,2022-10-30,10,30,October,14.47612495,120.9946395,STS PAENG,DIONISIO,PHASE 2C STO NIÑO ST. BARIO MAGANDA,Level,ALL TYPES OF VEHICLES NOT PASSABLE TO,94,3,1,0,0,0,0,0,0,0,6.4658924129810025,27.751432641710643,81.88440532178669,3.9817771137787217,125.71620703396425,30.259864263348074,25.243001020073216,naia,3.358702739275959,,,,,,,216.5,281.55,72.16666666666667,40.221428571428575,178.0,178.0,178.0,32.0,3,84.0,93.0,22.724095586940958,164.61590237042677,55.78995302505831,,0,28.7202242670617,dionisio,2
90.0,2022,2022-10-30,10,30,October,14.47785306,120.9928442,STS PAENG,DIONISIO,PHASE 3 GREENHILLS DIAMOND ST,Level,ALL TYPES OF VEHICLES NOT PASSABLE TO,114,3,1,0,0,0,0,0,0,0,6.463023047222639,27.74982346487675,81.8845380015787,3.9840353488974767,125.80102822452672,30.258325312927617,25.24132161682588,naia,3.248819741188621,,,,,,,216.5,281.55,72.16666666666667,40.221428571428575,178.0,178.0,178.0,32.0,3,84.0,93.0,22.722814740468007,164.58469237635617,55.77605088737115,,0,28.71845763696121,dionisio,2
91.0,2022,2022-10-30,10,30,October,14.47281565,120.9980247,STS PAENG,DIONISIO,BERNABE PHASE 3 PNHS MAIN SAN,Level,ALL TYPES OF VEHICLES NOT PASSABLE TO,94,3,1,0,0,0,0,0,0,0,6.47121062126414,27.75577970324392,81.88189346963712,3.976720087349554,125.45665502250787,30.26422807660634,25.247331329881494,naia,3.6185755657279977,,,,,,,216.5,281.55,72.16666666666667,40.221428571428575,178.0,178.0,178.0,32.0,3,84.0,93.0,22.726957968277347,164.66915916548766,55.81845646266709,,0,28.724940447497723,dionisio,2
92.0,2022,2022-10-30,10,30,October,14.47866393,120.9983473,STS PAENG,DIONISIO,DIONISIO (NORTHBOUND),Level Above,ALL TYPES OF VEHICLES NOT PASSABLE TO,20,1,1,0,0,0,0,0,0,0,6.4735914936097085,27.742339204419334,81.90631970507137,3.9842833530199844,126.4944533386713,30.249138490200153,25.235539918638512,naia,2.9760308739139063,,,,,,,216.5,281.55,72.16666666666667,40.221428571428575,178.0,178.0,178.0,32.0,3,84.0,93.0,22.722729042437052,164.7443788847877,55.80026617604422,,0,28.710793694938122,dionisio,2
93.0,2022,2022-10-30,10,30,October,14.47973091,121.0001216,STS PAENG,DIONISIO,KAYTALISE REDEMPTORIST,Level Half-,ALL TYPES OF VEHICLES,114,3,1,0,0,0,0,0,0,0,6.476806623578495,27.738737562543886,81.91514604109605,3.9852049207457916,126.80476560393979,30.24487626362726,25.23259886146051,naia,2.820813177408554,,,,,,,216.5,281.55,72.16666666666667,40.221428571428575,178.0,178.0,178.0,32.0,3,84.0,93.0,22.72222738431419,164.79736418063578,55.8049525262674,,0,28.70706235431578,dionisio,2
94.0,2022,2022-10-30,10,30,October,14.53223104,120.9958087,STS PAENG,BACLARAN,ROAD BAGONG SIKAT,Level,NOT PASSABLE TO LIGHT VEHICLE,20,1,1,0,0,0,0,0,0,0,6.224356383243715,27.827219072372888,81.54478739053627,4.036951778480326,117.01302436258027,30.364305483776473,25.29013266096929,naia,3.209081323518572,,,,,,,216.5,281.55,72.16666666666667,40.221428571428575,178.0,178.0,178.0,32.0,3,84.0,93.0,22.691646629265232,161.25140426265764,55.027161094364445,,0,28.794721539251945,baclaran,1
95.0,2022,2022-10-30,10,30,October,14.48,121.02,STS PAENG,BACLARAN,TABING ILOG AREA 4 BAGONG ILOG,Level,PASSABLE TO ANY TYPE OF VEHICLE PASSABLE TO ANY,20,1,1,0,0,0,0,0,0,0,6.499565646166739,27.74555918825734,81.9239607245925,3.9710882431765477,126.57763145778392,30.25050114000995,25.24061723650473,naia,3.19974792175677,,,,,,,216.5,281.55,72.16666666666667,40.221428571428575,178.0,178.0,178.0,32.0,3,84.0,93.0,22.730261012206512,165.06409124985808,55.90300411652403,,0,28.714796303780766,baclaran,1
96.0,2022,2022-10-30,10,30,October,14.53147133,120.9969827,STS PAENG,BACLARAN,STREET BAGONG,Level,TYPE OF VEHICLE PASSABLE TO ANY,20,1,1,0,0,0,0,0,0,0,6.256823782469482,27.81675911307225,81.59089186423712,4.0297093458839095,118.20336380044941,30.349964371806617,25.28355385433788,naia,3.092055256279873,,,,,,,216.5,281.55,72.16666666666667,40.221428571428575,178.0,178.0,178.0,32.0,3,84.0,93.0,22.695941848082107,161.70843478755353,55.13120979878614,,0,28.784419423056775,baclaran,1
97.0,2022,2022-10-30,10,30,October,14.48,121.02,STS PAENG,BACLARAN,SILANG STREET,Level,TYPE OF VEHICLE PASSABLE TO ANY,20,1,1,0,0,0,0,0,0,0,6.499565646166739,27.74555918825734,81.9239607245925,3.9710882431765477,126.57763145778392,30.25050114000995,25.24061723650473,naia,3.19974792175677,,,,,,,216.5,281.55,72.16666666666667,40.221428571428575,178.0,178.0,178.0,32.0,3,84.0,93.0,22.730261012206512,165.06409124985808,55.90300411652403,,0,28.714796303780766,baclaran,1
98.0,2022,2022-10-30,10,30,October,14.52717665,120.9980516,STS PAENG,BACLARAN,SITIO MALIGAYA,Level,TYPE OF VEHICLE NOT PASSABLE TO,48,2,1,0,0,0,0,0,0,0,6.350805476680918,27.778942373077246,81.7368669647627,4.013560004384944,122.21439047771813,30.300101397431067,25.257783348723425,naia,2.6012532516599536,,,,,,,216.5,281.55,72.16666666666667,40.221428571428575,178.0,178.0,178.0,32.0,3,84.0,93.0,22.705637171700243,163.04951107989672,55.41370914301744,,0,28.74663258113155,baclaran,1
99.0,2022,2022-10-30,10,30,October,14.5286804,120.9972023,STS PAENG,BACLARAN,SANTIAGO ST,Level,LIGHT VEHICLE NOT PASSABLE TO,94,3,1,0,0,0,0,0,0,0,6.316953838504138,27.792478558873153,81.68442905675171,4.019431299901323,120.77603106581537,30.31796739369628,25.266989724050024,naia,2.787561978169493,,,,,,,216.5,281.55,72.16666666666667,40.221428571428575,178.0,178.0,178.0,32.0,3,84.0,93.0,22.702127431535672,162.56786869555899,55.312426826708354,,0,28.76015317346454,baclaran,1
100.0,2022,2022-10-30,10,30,October,14.50995207,121.0056774,STS PAENG,VITALEZ,URMA DRIVE,Level,ALL TYPES OF VEHICLES Not passable to light,48,2,1,0,0,0,0,0,0,0,6.496762435952164,27.70302391248694,81.99211317714176,3.9994570404759338,129.7327370128814,30.20362420001423,25.202423624959653,naia,0.5924571843910715,,,,,,,216.5,281.55,72.16666666666667,40.221428571428575,178.0,178.0,178.0,32.0,3,84.0,93.0,22.71429471981694,165.17075489734185,55.80694526897776,,0,28.669787036694338,vitalez,12
101.0,2022,2022-10-30,10,30,October,14.47124782,120.9990647,STS PAENG,SAN ISIDRO,TOP LAND VALLEY 2 SAN,Level,vehicles,20,1,1,0,0,0,0,0,0,0,6.47293919893436,27.758640519652353,81.87867269817431,3.974151653963691,125.26370101275313,30.267250223865933,25.250030815438777,naia,3.7697517465566412,,,,,,,216.5,281.55,72.16666666666667,40.221428571428575,178.0,178.0,178.0,32.0,3,84.0,93.0,22.728406416548943,164.68162368953207,55.83063136650376,,0,28.72800324762547,san isidro,8
102.0,2022,2022-10-30,10,30,October,14.46953429,121.0069681,STS PAENG,SAN ISIDRO,FELIPE VERAVILLE,N/A Above,-,20,1,1,0,0,0,0,0,0,0,6.485839434024074,27.760171596595885,81.88754739525443,3.9676417412331797,125.31012318060944,30.267851506298513,25.252491686893265,naia,3.9175269418419862,,,,,,,216.5,281.55,72.16666666666667,40.221428571428575,178.0,178.0,178.0,32.0,3,84.0,93.0,22.732123673166416,164.84071058096654,55.88159075939818,,0,28.72991916046489,san isidro,8
103.0,2022,2022-10-30,10,30,October,14.47055526,121.005368,STS PAENG,SAN ISIDRO,PHASE 2 CLARMEN,Level,- Passable to any type of,20,1,1,0,0,0,0,0,0,0,6.4830186809841885,27.757920425405736,81.8887891845951,3.9702891625487373,125.44370160687218,30.26559731670715,25.25024353410432,naia,3.797302891418437,,,,,,,216.5,281.55,72.16666666666667,40.221428571428575,178.0,178.0,178.0,32.0,3,84.0,93.0,22.730624939188164,164.8123478376938,55.86659763756301,,0,28.727475296655186,san isidro,8
104.0,2022,2022-10-30,10,30,October,14.47467159,121.0046156,STS PAENG,SAN ISIDRO,VILLAGE SILVERIO,Level Above,vehicle,20,1,1,0,0,0,0,0,0,0,6.481357997906364,27.74857272278502,81.90284206432521,3.976971564812495,126.12402076495296,30.255384116474204,25.241761329095844,naia,3.3390386658338786,,,,,,,216.5,281.55,72.16666666666667,40.221428571428575,178.0,178.0,178.0,32.0,3,84.0,93.0,22.726869692247043,164.82245271284722,55.84162527422689,,0,28.71755976007646,san isidro,8
105.0,2022,2022-10-30,10,30,October,14.47013279,121.0115039,STS PAENG,SAN ISIDRO,COMPOUND PUROK 3,alevel,-,48,2,1,0,0,0,0,0,0,0,6.492535933182509,27.75964580914583,81.89434715560365,3.9651058804764006,125.43326347884373,30.26670088550827,25.252590732783393,naia,3.911849123960001,,,,,,,216.5,281.55,72.16666666666667,40.221428571428575,178.0,178.0,178.0,32.0,3,84.0,93.0,22.733580708107866,164.9276248825988,55.90535378694126,,0,28.729518343567847,san isidro,8
106.0,2022,2022-10-30,10,30,October,14.49988816,121.0097893,STS PAENG,STO NIÑO,SITIO LIBJO,Level,-,94,3,1,0,0,0,0,0,0,0,6.497220930440763,27.704035577588613,81.99083900667542,3.9986142868438055,129.66259331136348,30.204705880165683,25.20336527501155,naia,0.7618793863831278,,,,,,,216.5,281.55,72.16666666666667,40.221428571428575,178.0,178.0,178.0,32.0,3,84.0,93.0,22.71477120877276,165.1732024418988,55.81067753852417,,0,28.670866598299558,sto niño,9
107.0,2022,2022-10-30,10,30,October,14.49826925,121.0052936,STS PAENG,STO NIÑO,HALIK ALON,Level,-,48,2,1,0,0,0,0,0,0,0,6.497058732507766,27.70356974504542,81.9914690096258,3.998981363311641,129.69550327794076,30.204203657264518,25.202935832826313,naia,0.7174485871697178,,,,,,,216.5,281.55,72.16666666666667,40.221428571428575,178.0,178.0,178.0,32.0,3,84.0,93.0,22.714563802068987,165.17269774721703,55.80913974696716,,0,28.670370632579086,sto niño,9
108.0,2022,2022-10-30,10,30,October,14.50040674,120.9927893,STS PAENG,LA HUERTA,P. Gomez St.,Level Above,-,20,1,1,0,0,0,0,0,0,0,6.4816989680333155,27.71416241023825,81.96028504777254,3.998802735271504,128.70905633254785,30.217240111315817,25.21108470916068,naia,1.373342463391583,,,,,,,216.5,281.55,72.16666666666667,40.221428571428575,178.0,178.0,178.0,32.0,3,84.0,93.0,22.7146065100339,164.94178712981196,55.773640539269785,,0,28.681208316398354,la huerta,5
,2022,2022-06-21,6,21,,,,,,,,,0,0,0,0,0,0,0,0,0,0,0.0,29.9,70.0,2.0,120.0,33.4,26.4,,,7.0,naia,14.5047,121.004751,21.0,1.0,20.5,20.500000000000014,6.833333333333333,2.9285714285714306,20.5,20.5,0.0,20.5,0,74.0,74.0,20.93,0.0,0.0,0.0,0,30.77333333333333,unknown,11
,2022,2022-07-17,7,17,,,,,,,,,0,0,0,0,0,0,0,0,0,0,7.0,28.200000000000003,87.0,2.0,260.0,31.3,25.1,,,6.199999999999999,naia,14.5047,121.004751,21.0,1.0,37.0,60.100000000000016,12.333333333333334,8.585714285714287,18.0,18.0,18.0,12.0,3,83.33333333333333,84.0,24.534000000000002,180.9114141261457,58.64025147537137,7.0,0,29.34722222222222,unknown,11
,2022,2022-10-22,10,22,,,,,,,,,0,0,0,0,0,0,0,0,0,0,0.0,30.3,72.0,2.0,100.0,33.6,27.0,,,6.600000000000001,naia,14.5047,121.004751,21.0,1.0,0.55,31.55000000000001,0.18333333333333335,4.507142857142859,0.5,16.0,0.05,0.5,0,75.66666666666667,77.0,21.816,0.0,0.0,0.0,0,31.265555555555554,unknown,11
,2022,2022-07-02,7,2,,,,,,,,,0,0,0,0,0,0,0,0,0,0,0.0,30.25,73.0,2.0,120.0,33.4,27.1,,,6.299999999999997,naia,14.5047,121.004751,21.0,1.0,2.0,41.500000000000014,0.6666666666666666,5.928571428571431,1.5,31.5,0.5,1.5,0,74.66666666666667,78.0,22.0825,0.0,0.0,0.0,0,31.236666666666665,unknown,11
,2022,2022-08-08,8,8,,,,,,,,,0,0,0,0,0,0,0,0,0,0,6.0,27.1,91.0,2.0,110.0,29.7,24.5,,,5.199999999999999,naia,14.5047,121.004751,21.0,1.0,64.0,119.00000000000001,21.333333333333332,17.000000000000004,41.5,41.5,41.5,16.5,6,88.0,87.0,24.660999999999998,177.0778235640335,52.73416503939899,6.0,0,28.24166666666667,unknown,11
,2022,2022-06-18,6,18,,,,,,,,,0,0,0,0,0,0,0,0,0,0,0.0,30.9,72.0,2.0,130.0,35.1,26.7,,,8.400000000000002,naia,14.5047,121.004751,21.0,1.0,0.0,60.000000000000014,0.0,8.571428571428573,0.0,28.0,0.0,0.0,0,68.33333333333333,64.0,22.247999999999998,0.0,0.0,0.0,0,31.925555555555555,unknown,11
,2022,2022-09-30,9,30,,,,,,,,,0,0,0,0,0,0,0,0,0,0,0.05,29.1,74.0,2.0,130.0,32.2,26.0,,,6.200000000000003,naia,14.5047,121.004751,21.0,1.0,43.6,137.15,14.533333333333333,19.592857142857145,43.5,45.0,0.05,43.5,0,78.33333333333333,81.0,21.534000000000002,3.610472148537968,1.4197937773304712,0.05,0,29.997777777777774,unknown,11
,2022,2022-11-27,11,27,,,,,,,,,0,0,0,0,0,0,0,0,0,0,0.0,28.55,68.0,3.0,110.0,31.6,25.5,,,6.100000000000001,naia,14.5047,121.004751,21.0,1.0,0.05,3.6,0.016666666666666666,0.5142857142857143,0.05,2.5,0.0,0.05,0,70.0,68.0,19.414,0.0,0.0,0.0,0,29.236111111111104,unknown,11
,2022,2022-09-20,9,20,,,,,,,,,0,0,0,0,0,0,0,0,0,0,8.5,26.0,93.0,2.0,220.0,27.6,24.4,,,3.200000000000003,naia,14.5047,121.004751,21.0,1.0,51.0,52.100000000000016,17.0,7.442857142857145,34.5,34.5,34.5,8.0,3,89.0,92.0,24.18,209.37013727040406,58.53358676376888,8.5,0,27.083888888888893,unknown,11
,2022,2022-10-23,10,23,,,,,,,,,0,0,0,0,0,0,0,0,0,0,1.0,29.700000000000003,73.0,2.0,110.0,33.1,26.3,,,6.800000000000001,naia,14.5047,121.004751,21.0,1.0,1.05,30.55000000000001,0.35000000000000003,4.364285714285716,1.0,16.0,0.0,0.05,1,74.0,72.0,21.681000000000004,50.59974418087601,20.586471262630376,1.0,0,30.631666666666668,unknown,11
,2022,2022-06-26,6,26,,,,,,,,,0,0,0,0,0,0,0,0,0,0,3.5,29.5,81.0,2.0,210.0,33.0,26.0,,,7.0,naia,14.5047,121.004751,21.0,1.0,3.5,17.550000000000015,1.1666666666666667,2.5071428571428593,3.5,14.0,0.0,0.0,1,76.66666666666667,75.0,23.895,121.83026913887821,44.37028320490009,3.5,0,30.620555555555548,unknown,11
,2022,2022-11-03,11,3,,,,,,,,,0,0,0,0,0,0,0,0,0,0,0.5,29.15,81.0,2.0,120.0,32.8,25.5,,,7.299999999999997,naia,14.5047,121.004751,21.0,1.0,14.0,231.5,4.666666666666667,33.07142857142857,8.0,178.0,5.5,8.0,7,82.33333333333333,83.0,23.6115,32.842673756761315,11.81930790135299,0.5,0,30.235555555555557,unknown,11
,2022,2022-07-13,7,13,,,,,,,,,0,0,0,0,0,0,0,0,0,0,0.05,29.15,79.0,3.0,270.0,31.7,26.6,,,5.099999999999998,naia,14.5047,121.004751,21.0,1.0,23.05,43.05000000000001,7.683333333333334,6.150000000000001,15.5,16.0,7.5,15.5,0,80.66666666666667,85.0,23.028499999999998,3.854422969385128,1.4222332855389428,0.05,0,30.18333333333333,unknown,11
,2022,2022-09-29,9,29,,,,,,,,,0,0,0,0,0,0,0,0,0,0,0.05,28.5,81.0,2.0,350.0,31.0,26.0,,,5.0,naia,14.5047,121.004751,21.0,1.0,57.05,157.60000000000002,19.016666666666666,22.514285714285716,43.5,45.0,43.5,13.5,0,80.33333333333333,80.0,23.085,3.952003297723992,1.3905196788288121,0.05,0,29.520555555555557,unknown,11
,2022,2022-06-17,6,17,,,,,,,,,0,0,0,0,0,0,0,0,0,0,0.0,32.0,64.0,3.0,120.0,36.0,28.0,,,8.0,naia,14.5047,121.004751,21.0,1.0,0.0,60.000000000000014,0.0,8.571428571428573,0.0,28.0,0.0,0.0,0,69.66666666666667,69.0,20.48,0.0,0.0,0.0,0,32.926666666666655,unknown,11
,2022,2022-09-22,9,22,,,,,,,,,0,0,0,0,0,0,0,0,0,0,14.5,27.85,86.0,2.0,270.0,30.4,25.3,,,5.099999999999998,naia,14.5047,121.004751,21.0,1.0,23.5,66.10000000000002,7.833333333333333,9.442857142857147,14.5,34.5,0.5,8.5,5,86.66666666666667,81.0,23.951,235.71224205756727,76.33239466631684,14.5,0,28.936111111111106,unknown,11
,2022,2022-09-24,9,24,,,,,,,,,0,0,0,0,0,0,0,0,0,0,0.05,29.7,77.0,2.0,290.0,32.4,27.0,,,5.399999999999999,naia,14.5047,121.004751,21.0,1.0,35.05,86.55000000000003,11.683333333333332,12.364285714285717,20.5,34.5,20.5,14.5,0,82.33333333333333,84.0,22.869,3.756842641046264,1.4490678758321303,0.05,0,30.73611111111111,unknown,11
,2022,2022-08-23,8,23,,,,,,,,,0,0,0,0,0,0,0,0,0,0,,26.0,93.0,3.0,240.0,28.0,24.0,,,4.0,naia,14.5047,121.004751,21.0,1.0,,0.0,,0.0,,0.0,,,0,84.0,81.0,24.18,,,,0,27.083888888888893,unknown,11
,2022,2022-06-11,6,11,,,,,,,,,0,0,0,0,0,0,0,0,0,0,0.0,31.65,69.0,2.0,160.0,35.6,27.7,,,7.900000000000002,naia,14.5047,121.004751,21.0,1.0,0.0,63.500000000000014,0.0,9.071428571428573,0.0,45.0,0.0,0.0,0,68.0,66.0,21.8385,0.0,0.0,0.0,0,32.67222222222222,unknown,11
,2022,2022-09-25,9,25,,,,,,,,,0,0,0,0,0,0,0,0,0,0,45.0,25.85,91.0,6.0,230.0,28.4,23.3,,,5.099999999999998,naia,14.5047,121.004751,21.0,1.0,65.55,123.55000000000001,21.849999999999998,17.650000000000002,45.0,45.0,0.05,20.5,1,84.0,77.0,23.5235,348.40636708050766,98.97038009924312,45.0,1,26.866666666666667,unknown,11
,2022,2022-06-20,6,20,,,,,,,,,0,0,0,0,0,0,0,0,0,0,0.0,30.3,74.0,2.0,310.0,34.1,26.5,,,7.600000000000001,naia,14.5047,121.004751,21.0,1.0,20.5,48.500000000000014,6.833333333333333,6.928571428571431,20.5,28.0,20.5,0.0,0,74.66666666666667,78.0,22.422000000000004,0.0,0.0,0.0,0,31.317777777777767,unknown,11
,2022,2022-08-07,8,7,,,,,,,,,0,0,0,0,0,0,0,0,0,0,41.5,28.150000000000002,87.0,2.0,170.0,32.2,24.1,,,8.100000000000001,naia,14.5047,121.004751,21.0,1.0,99.5,117.50000000000001,33.166666666666664,16.78571428571429,41.5,41.5,16.5,41.5,5,89.0,86.0,24.4905,326.2068546059423,105.54853973743995,41.5,1,29.29222222222223,unknown,11
,2022,2022-08-01,8,1,,,,,,,,,0,0,0,0,0,0,0,0,0,0,4.5,28.25,86.0,3.0,280.0,31.8,24.7,,,7.100000000000001,naia,14.5047,121.004751,21.0,1.0,52.5,75.00000000000001,17.5,10.714285714285717,41.5,41.5,6.5,41.5,5,88.66666666666667,89.0,24.295,146.6083359325046,48.15913360573551,4.5,0,29.37611111111111,unknown,11
,2022,2022-11-22,11,22,,,,,,,,,0,0,0,0,0,0,0,0,0,0,0.05,29.5,71.0,3.0,110.0,32.4,26.6,,,5.799999999999997,naia,14.5047,121.004751,21.0,1.0,12.55,41.55,4.183333333333334,5.935714285714285,10.0,13.5,2.5,10.0,0,76.66666666666667,81.0,20.945,3.464101656029672,1.439309842998244,0.05,0,30.35944444444444,unknown,11
,2022,2022-11-24,11,24,,,,,,,,,0,0,0,0,0,0,0,0,0,0,1.0,29.5,67.0,3.0,110.0,33.0,26.0,,,7.0,naia,14.5047,121.004751,21.0,1.0,1.05,30.55,0.35000000000000003,4.364285714285715,1.0,13.5,0.0,0.05,1,69.66666666666667,71.0,19.765,46.44086109751633,20.447841826518385,1.0,0,30.254999999999995,unknown,11
,2022,2022-11-17,11,17,,,,,,,,,0,0,0,0,0,0,0,0,0,0,3.0,28.200000000000003,76.0,3.0,100.0,31.6,24.8,,,6.800000000000001,naia,14.5047,121.004751,21.0,1.0,13.0,20.0,4.333333333333333,2.857142857142857,9.0,9.0,9.0,1.0,3,75.0,74.0,21.432000000000002,105.35837144511169,39.09350098358092,3.0,0,29.060000000000002,unknown,11
,2022,2022-09-28,9,28,,,,,,,,,0,0,0,0,0,0,0,0,0,0,43.5,29.099999999999998,80.0,2.0,250.0,32.8,25.4,,,7.399999999999999,naia,14.5047,121.004751,21.0,1.0,92.0,172.05,30.666666666666668,24.57857142857143,43.5,45.0,13.5,35.0,4,82.0,80.0,23.28,303.6391351337756,110.44873540491086,43.5,0,30.15444444444445,unknown,11
,2022,2022-08-06,8,6,,,,,,,,,0,0,0,0,0,0,0,0,0,0,16.5,27.450000000000003,86.0,2.0,250.0,29.6,25.3,,,4.300000000000001,naia,14.5047,121.004751,21.0,1.0,71.0,82.50000000000001,23.666666666666668,11.785714285714288,41.5,41.5,41.5,13.0,4,87.66666666666667,94.0,23.607000000000003,246.14927575993428,78.56741418151393,16.5,0,28.49611111111111,unknown,11
,2022,2022-08-31,8,31,,,,,,,,,0,0,0,0,0,0,0,0,0,0,0.5,28.15,83.0,2.0,230.0,30.3,26.0,,,4.300000000000001,naia,14.5047,121.004751,21.0,1.0,14.5,41.000000000000014,4.833333333333333,8.200000000000003,8.0,26.5,8.0,6.0,4,82.66666666666667,84.0,23.3645,33.65360397297764,11.413842793244827,0.5,0,29.187777777777782,unknown,11
,2022,2022-07-27,7,27,,,,,,,,,0,0,0,0,0,0,0,0,0,0,0.0,29.9,80.0,4.0,250.0,32.6,27.2,,,5.400000000000002,naia,14.5047,121.004751,21.0,1.0,28.999999999999996,30.000000000000014,9.666666666666666,4.285714285714287,19.5,19.5,19.5,9.5,0,79.66666666666667,82.0,23.92,0.0,0.0,0.0,0,31.03444444444444,unknown,11
,2022,2022-07-01,7,1,,,,,,,,,0,0,0,0,0,0,0,0,0,0,0.5,28.799999999999997,78.0,4.0,230.0,32.3,25.3,,,6.9999999999999964,naia,14.5047,121.004751,21.0,1.0,6.5,41.500000000000014,2.1666666666666665,5.928571428571431,4.5,31.5,1.5,4.5,4,75.0,73.0,22.463999999999995,31.626278432436823,11.677395113515134,0.5,0,29.772222222222226,unknown,11
,2022,2022-10-09,10,9,,,,,,,,,0,0,0,0,0,0,0,0,0,0,0.0,30.3,64.0,2.0,50.0,33.6,27.0,,,6.600000000000001,naia,14.5047,121.004751,21.0,1.0,1.05,4.550000000000014,0.35000000000000003,0.650000000000002,1.0,3.5,0.05,1.0,0,70.33333333333333,73.0,19.392,0.0,0.0,0.0,0,31.056666666666658,unknown,11
,2022,2022-10-27,10,27,,,,,,,,,0,0,0,0,0,0,0,0,0,0,0.0,29.2,67.0,2.0,340.0,31.4,27.0,,,4.399999999999999,naia,14.5047,121.004751,21.0,1.0,65.0,66.10000000000002,21.666666666666668,9.442857142857147,65.0,65.0,0.0,65.0,0,75.66666666666667,69.0,19.564,0.0,0.0,0.0,0,29.925000000000004,unknown,11
,2022,2022-07-03,7,3,,,,,,,,,0,0,0,0,0,0,0,0,0,0,0.0,30.75,73.0,2.0,280.0,33.9,27.6,,,6.299999999999997,naia,14.5047,121.004751,21.0,1.0,0.5,38.000000000000014,0.16666666666666666,5.428571428571431,0.5,31.5,0.0,0.5,0,74.66666666666667,73.0,22.4475,0.0,0.0,0.0,0,31.786666666666665,unknown,11
,2022,2022-06-14,6,14,,,,,,,,,0,0,0,0,0,0,0,0,0,0,28.0,30.65,74.0,2.0,250.0,36.1,25.2,,,10.900000000000002,naia,14.5047,121.004751,21.0,1.0,60.0,105.00000000000001,20.0,15.000000000000002,28.0,45.0,26.5,5.5,3,76.33333333333333,76.0,22.680999999999997,249.1798914189991,103.20761718908543,28.0,0,31.70277777777777,unknown,11
,2022,2022-07-14,7,14,,,,,,,,,0,0,0,0,0,0,0,0,0,0,0.05,29.75,82.0,3.0,260.0,32.8,26.7,,,6.099999999999998,naia,14.5047,121.004751,21.0,1.0,7.6,42.100000000000016,2.533333333333333,6.014285714285717,7.5,16.0,0.05,7.5,0,82.0,79.0,24.395,4.000793461893424,1.451507384040602,0.05,0,30.921666666666667,unknown,11
,2022,2022-11-11,11,11,,,,,,,,,0,0,0,0,0,0,0,0,0,0,0.0,29.200000000000003,73.0,2.0,110.0,31.8,26.6,,,5.199999999999999,naia,14.5047,121.004751,21.0,1.0,4.5,17.55,1.5,2.507142857142857,4.5,13.0,4.5,0.0,0,75.33333333333333,80.0,21.316000000000003,0.0,0.0,0.0,0,30.081666666666667,unknown,11
,2022,2022-10-18,10,18,,,,,,,,,0,0,0,0,0,0,0,0,0,0,10.0,28.05,77.0,2.0,240.0,31.1,25.0,,,6.100000000000001,naia,14.5047,121.004751,21.0,1.0,15.0,15.100000000000014,5.0,2.1571428571428592,10.0,10.0,3.0,2.0,3,77.33333333333333,78.0,21.598499999999998,184.63793600547453,67.2609624019943,10.0,0,28.921111111111113,unknown,11
,2022,2022-09-08,9,8,,,,,,,,,0,0,0,0,0,0,0,0,0,0,47.0,28.9,76.0,3.0,270.0,34.1,23.7,,,10.400000000000002,naia,14.5047,121.004751,21.0,1.0,73.0,134.5,24.333333333333332,19.214285714285715,47.0,47.0,0.0,26.0,1,75.0,71.0,21.964000000000002,294.2112768289997,111.87770921523804,47.0,0,29.82999999999999,unknown,11
,2022,2022-11-12,11,12,,,,,,,,,0,0,0,0,0,0,0,0,0,0,7.0,27.950000000000003,79.0,2.0,30.0,30.1,25.8,,,4.300000000000001,naia,14.5047,121.004751,21.0,1.0,11.5,11.55,3.8333333333333335,1.6500000000000001,7.0,7.0,0.0,4.5,1,77.33333333333333,73.0,22.0805,164.27588179270703,58.12039108995142,7.0,0,28.86333333333333,unknown,11
,2022,2022-07-10,7,10,,,,,,,,,0,0,0,0,0,0,0,0,0,0,0.5,30.900000000000002,74.0,2.0,130.0,35.2,26.6,,,8.600000000000001,naia,14.5047,121.004751,21.0,1.0,19.0,35.000000000000014,6.333333333333333,5.000000000000002,16.0,16.0,16.0,2.5,7,78.0,79.0,22.866000000000003,30.004418000004165,12.52887184054228,0.5,0,31.977777777777778,unknown,11
,2022,2022-09-19,9,19,,,,,,,,,0,0,0,0,0,0,0,0,0,0,34.5,26.65,92.0,2.0,220.0,29.3,24.0,,,5.300000000000001,naia,14.5047,121.004751,21.0,1.0,42.55,44.600000000000016,14.183333333333332,6.371428571428574,34.5,34.5,8.0,0.05,2,84.33333333333333,82.0,24.517999999999997,328.39700807628606,95.12804636122851,34.5,1,27.772777777777776,unknown,11
,2022,2022-08-26,8,26,,,,,,,,,0,0,0,0,0,0,0,0,0,0,,28.55,81.0,2.0,270.0,33.0,24.1,,,8.899999999999999,naia,14.5047,121.004751,21.0,1.0,0.0,0.0,0.0,0.0,0.0,0.0,0.0,,0,80.0,72.0,23.125500000000002,,,,0,29.57555555555555,unknown,11
,2022,2022-08-09,8,9,,,,,,,,,0,0,0,0,0,0,0,0,0,0,0.5,28.35,80.0,2.0,280.0,31.0,25.7,,,5.300000000000001,naia,14.5047,121.004751,21.0,1.0,48.0,119.50000000000001,16.0,17.071428571428573,41.5,41.5,6.0,41.5,7,86.0,91.0,22.68,32.437208648653154,11.49493581486646,0.5,0,29.329444444444448,unknown,11
,2022,2022-10-25,10,25,,,,,,,,,0,0,0,0,0,0,0,0,0,0,65.0,26.9,91.0,2.0,40.0,29.8,24.0,,,5.800000000000001,naia,14.5047,121.004751,21.0,1.0,66.05,82.60000000000002,22.016666666666666,11.800000000000002,65.0,65.0,0.05,1.0,1,78.66666666666667,72.0,24.479,381.2585815244047,112.70171256051083,65.0,1,28.021666666666672,unknown,11
,2022,2022-06-03,6,3,,,,,,,,,0,0,0,0,0,0,0,0,0,0,0.0,29.95,75.0,3.0,260.0,32.9,27.0,,,5.899999999999999,naia,14.5047,121.004751,21.0,1.0,11.55,35.600000000000016,3.85,5.085714285714288,11.5,13.5,0.05,11.5,0,80.66666666666667,78.0,22.4625,0.0,0.0,0.0,0,30.95888888888889,unknown,11
,2022,2022-09-11,9,11,,,,,,,,,0,0,0,0,0,0,0,0,0,0,0.0,28.700000000000003,83.0,4.0,230.0,31.3,26.1,,,5.199999999999999,naia,14.5047,121.004751,21.0,1.0,52.5,125.50000000000001,17.5,17.92857142857143,35.5,47.0,35.5,17.0,0,84.66666666666667,88.0,23.821000000000005,0.0,0.0,0.0,0,29.792777777777776,unknown,11
,2022,2022-10-03,10,3,,,,,,,,,0,0,0,0,0,0,0,0,0,0,3.5,28.15,87.0,1.0,330.0,30.1,26.2,,,3.900000000000002,naia,14.5047,121.004751,21.0,1.0,4.05,61.15000000000001,1.3499999999999999,8.735714285714288,3.5,43.5,0.5,0.05,2,76.0,74.0,24.490499999999997,130.85473351953584,42.339778719252116,3.5,0,29.29222222222223,unknown,11
,2022,2022-11-07,11,7,,,,,,,,,0,0,0,0,0,0,0,0,0,0,0.05,29.4,77.0,2.0,100.0,32.4,26.4,,,6.0,naia,14.5047,121.004751,21.0,1.0,13.05,29.05,4.3500000000000005,4.15,13.0,13.0,0.0,13.0,0,75.0,73.0,22.637999999999998,3.756842641046264,1.4344308265813008,0.05,0,30.4061111111111,unknown,11
,2022,2022-07-23,7,23,,,,,,,,,0,0,0,0,0,0,0,0,0,0,0.0,30.6,79.0,2.0,230.0,34.2,27.0,,,7.200000000000003,naia,14.5047,121.004751,21.0,1.0,0.9999999999999964,12.050000000000015,0.33333333333333215,1.7214285714285735,1.0,7.0,0.0,1.0,0,79.66666666666667,77.0,24.174,0.0,0.0,0.0,0,31.77833333333334,unknown,11
,2022,2022-08-17,8,17,,,,,,,,,0,0,0,0,0,0,0,0,0,0,,28.6,78.0,3.0,260.0,31.5,25.7,,,5.800000000000001,naia,14.5047,121.004751,21.0,1.0,0.0,0.0,0.0,0.0,0.0,0.0,0.0,,0,83.0,79.0,22.308000000000003,,,,0,29.552222222222227,unknown,11
,2022,2022-07-28,7,28,,,,,,,,,0,0,0,0,0,0,0,0,0,0,1.5,29.3,81.0,4.0,260.0,32.2,26.4,,,5.800000000000004,naia,14.5047,121.004751,21.0,1.0,20.999999999999996,30.500000000000014,6.999999999999999,4.357142857142859,19.5,19.5,0.0,19.5,1,81.0,80.0,23.733,74.21954928180656,26.847318443912744,1.5,0,30.400555555555556,unknown,11
,2022,2022-01-20,1,20,,,,,,,,,0,0,0,0,0,0,0,0,0,0,0.5,27.85,75.0,2.0,120.0,31.4,24.3,,,7.099999999999998,naia,14.5047,121.004751,21.0,0.0,0.55,0.5500000000000071,0.18333333333333335,0.0785714285714296,0.5,0.5,0.05,0.0,1,70.66666666666667,71.0,20.8875,30.40988310811233,11.292203260812379,0.0,0,28.648888888888887,unknown,11
,2022,2022-02-12,2,12,,,,,,,,,0,0,0,0,0,0,0,0,0,0,0.0,29.3,68.0,3.0,110.0,33.2,25.4,,,7.800000000000004,naia,14.5047,121.004751,21.0,0.0,0.0,0.5000000000000071,0.0,0.07142857142857244,0.0,0.5,0.0,0.0,0,66.66666666666667,68.0,19.924,0.0,0.0,0.0,0,30.061111111111114,unknown,11
,2022,2022-12-05,12,5,,,,,,,,,0,0,0,0,0,0,0,0,0,0,0.0,28.200000000000003,74.0,2.0,110.0,30.8,25.6,,,5.199999999999999,naia,14.5047,121.004751,21.0,0.0,0.1,10.149999999999999,0.03333333333333333,1.4499999999999997,0.05,5.5,0.05,0.05,0,72.66666666666667,73.0,20.868000000000002,0.0,0.0,0.0,0,29.007777777777775,unknown,11
,2022,2022-03-21,3,21,,,,,,,,,0,0,0,0,0,0,0,0,0,0,0.0,30.15,66.0,3.0,110.0,33.9,26.4,,,7.5,naia,14.5047,121.004751,21.0,0.0,0.0,13.000000000000014,0.0,1.8571428571428592,0.0,13.0,0.0,0.0,0,66.0,63.0,19.898999999999997,0.0,0.0,0.0,0,30.94388888888889,unknown,11
,2022,2022-05-28,5,28,,,,,,,,,0,0,0,0,0,0,0,0,0,0,13.5,27.5,85.0,2.0,210.0,29.7,25.3,,,4.399999999999999,naia,14.5047,121.004751,21.0,0.0,52.55,67.55000000000001,17.516666666666666,9.650000000000002,39.0,39.0,39.0,0.05,2,76.33333333333333,70.0,23.375,227.30263520125493,73.53908785922954,0.0,0,28.525000000000002,unknown,11
,2022,2022-01-16,1,16,,,,,,,,,0,0,0,0,0,0,0,0,0,0,0.0,25.75,67.0,3.0,110.0,31.1,20.4,,,10.700000000000003,naia,14.5047,121.004751,21.0,0.0,0.0,0.05000000000000711,0.0,0.007142857142858158,0.0,0.05,0.0,0.0,0,69.0,69.0,17.2525,0.0,0.0,0.0,0,26.129999999999995,unknown,11
,2022,2022-01-25,1,25,,,,,,,,,0,0,0,0,0,0,0,0,0,0,0.0,29.3,61.0,2.0,80.0,33.1,25.5,,,7.600000000000001,naia,14.5047,121.004751,21.0,0.0,0.05000000000000006,0.6000000000000072,0.016666666666666687,0.08571428571428674,0.05,0.5,0.05,0.0,0,69.66666666666667,75.0,17.873,0.0,0.0,0.0,0,29.878333333333337,unknown,11
,2022,2022-03-10,3,10,,,,,,,,,0,0,0,0,0,0,0,0,0,0,0.05,29.35,65.0,3.0,130.0,33.5,25.2,,,8.3,naia,14.5047,121.004751,21.0,0.0,0.05,0.05000000000000711,0.016666666666666666,0.007142857142858158,0.05,0.05,0.0,0.0,0,65.0,66.0,19.0775,3.17136067101308,1.4319913183728292,0.0,0,30.037777777777794,unknown,11
,2022,2022-04-25,4,25,,,,,,,,,0,0,0,0,0,0,0,0,0,0,0.0,30.55,69.0,4.0,120.0,34.2,26.9,,,7.300000000000004,naia,14.5047,121.004751,21.0,0.0,0.05,0.050000000000014214,0.016666666666666666,0.007142857142859173,0.05,0.05,0.05,0.0,0,64.66666666666667,65.0,21.079500000000003,0.0,0.0,0.0,0,31.46222222222222,unknown,11
,2022,2022-04-30,4,30,,,,,,,,,0,0,0,0,0,0,0,0,0,0,0.0,31.5,66.0,4.0,120.0,35.5,27.5,,,8.0,naia,14.5047,121.004751,21.0,0.0,0.0,4.550000000000014,0.0,0.650000000000002,0.0,4.5,0.0,0.0,0,66.33333333333333,66.0,20.79,0.0,0.0,0.0,0,32.42888888888889,unknown,11
,2022,2022-04-05,4,5,,,,,,,,,0,0,0,0,0,0,0,0,0,0,30.0,25.75,94.0,2.0,70.0,27.6,23.9,,,3.700000000000003,naia,14.5047,121.004751,21.0,0.0,43.5,47.05000000000001,14.5,6.721428571428573,30.0,30.0,13.5,0.0,2,71.33333333333333,59.0,24.205,322.79479722160374,88.42517051549251,0.0,1,26.834999999999997,unknown,11
,2022,2022-12-11,12,11,,,,,,,,,0,0,0,0,0,0,0,0,0,0,0.0,27.9,78.0,2.0,270.0,30.4,25.4,,,5.0,naia,14.5047,121.004751,21.0,0.0,16.5,17.0,5.5,2.4285714285714284,13.5,13.5,13.5,3.0,0,83.33333333333333,86.0,21.761999999999997,0.0,0.0,0.0,0,28.782222222222217,unknown,11
,2022,2022-03-11,3,11,,,,,,,,,0,0,0,0,0,0,0,0,0,0,0.0,30.55,71.0,2.0,130.0,34.6,26.5,,,8.100000000000001,naia,14.5047,121.004751,21.0,0.0,0.05,0.05000000000000711,0.016666666666666666,0.007142857142858158,0.05,0.05,0.05,0.0,0,67.33333333333333,65.0,21.6905,0.0,0.0,0.0,0,31.514444444444443,unknown,11
,2022,2022-05-25,5,25,,,,,,,,,0,0,0,0,0,0,0,0,0,0,0.5,30.8,78.0,1.0,180.0,35.1,26.5,,,8.600000000000001,naia,14.5047,121.004751,21.0,0.0,11.0,28.000000000000014,3.6666666666666665,4.000000000000002,10.5,10.5,0.0,10.5,1,76.66666666666667,69.0,24.024,31.626278432436823,12.488325329731463,0.0,0,31.97222222222222,unknown,11
,2022,2022-02-15,2,15,,,,,,,,,0,0,0,0,0,0,0,0,0,0,0.0,29.05,71.0,3.0,130.0,33.5,24.6,,,8.899999999999999,naia,14.5047,121.004751,21.0,0.0,1.05,1.0500000000000071,0.35000000000000003,0.15000000000000102,1.0,1.0,0.05,1.0,0,73.66666666666667,76.0,20.625500000000002,0.0,0.0,0.0,0,29.86444444444444,unknown,11
,2022,2022-01-17,1,17,,,,,,,,,0,0,0,0,0,0,0,0,0,0,0.0,26.25,66.0,2.0,120.0,31.2,21.3,,,9.899999999999999,naia,14.5047,121.004751,21.0,0.0,0.0,0.05000000000000711,0.0,0.007142857142858158,0.0,0.05,0.0,0.0,0,67.33333333333333,67.0,17.325,0.0,0.0,0.0,0,26.65388888888889,unknown,11
,2022,2022-02-21,2,21,,,,,,,,,0,0,0,0,0,0,0,0,0,0,0.05,28.599999999999998,71.0,3.0,90.0,32.8,24.4,,,8.399999999999999,naia,14.5047,121.004751,21.0,0.0,0.05,0.10000000000000711,0.016666666666666666,0.014285714285715302,0.05,0.05,0.0,0.0,0,68.33333333333333,66.0,20.305999999999997,3.464101656029672,1.395398695245755,0.0,0,29.369444444444444,unknown,11
,2022,2022-05-07,5,7,,,,,,,,,0,0,0,0,0,0,0,0,0,0,0.0,31.6,63.0,3.0,120.0,35.6,27.6,,,8.0,naia,14.5047,121.004751,21.0,0.0,0.0,0.0,0.0,0.0,0.0,0.0,0.0,0.0,0,61.333333333333336,61.0,19.908,0.0,0.0,0.0,0,32.46055555555555,unknown,11
,2022,2022-04-08,4,8,,,,,,,,,0,0,0,0,0,0,0,0,0,0,0.5,28.05,76.0,2.0,130.0,30.6,25.5,,,5.100000000000001,naia,14.5047,121.004751,21.0,0.0,1.5,45.000000000000014,0.5,6.428571428571431,1.0,30.0,0.0,1.0,1,75.0,71.0,21.318,30.815348216220492,11.373296282434012,0.0,0,28.895000000000007,unknown,11
,2022,2022-02-26,2,26,,,,,,,,,0,0,0,0,0,0,0,0,0,0,0.05,28.799999999999997,65.0,3.0,70.0,33.3,24.3,,,8.999999999999996,naia,14.5047,121.004751,21.0,0.0,0.1,18.15000000000001,0.03333333333333333,2.5928571428571443,0.05,18.0,0.05,0.0,0,65.33333333333333,67.0,18.72,3.17136067101308,1.4051567280796415,0.0,0,29.432777777777787,unknown,11
,2022,2022-04-09,4,9,,,,,,,,,0,0,0,0,0,0,0,0,0,0,2.5,29.35,70.0,2.0,120.0,33.5,25.2,,,8.3,naia,14.5047,121.004751,21.0,0.0,3.0,47.500000000000014,1.0,6.785714285714287,2.5,30.0,0.5,0.0,2,72.33333333333333,76.0,20.545,87.69340779467576,36.76859312533905,0.0,0,30.168333333333344,unknown,11
,2022,2022-05-02,5,2,,,,,,,,,0,0,0,0,0,0,0,0,0,0,0.0,30.9,60.0,3.0,120.0,35.0,26.8,,,8.2,naia,14.5047,121.004751,21.0,0.0,0.0,4.500000000000014,0.0,0.6428571428571449,0.0,4.5,0.0,0.0,0,62.666666666666664,62.0,18.54,0.0,0.0,0.0,0,31.612222222222215,unknown,11
,2022,2022-05-26,5,26,,,,,,,,,0,0,0,0,0,0,0,0,0,0,0.05,30.1,74.0,3.0,100.0,34.2,26.0,,,8.200000000000003,naia,14.5047,121.004751,21.0,0.0,0.55,20.050000000000015,0.18333333333333335,2.8642857142857165,0.5,10.5,0.5,0.0,0,73.66666666666667,78.0,22.274,3.610472148537968,1.4685839414999033,0.0,0,31.09777777777778,unknown,11
,2022,2022-01-31,1,31,,,,,,,,,0,0,0,0,0,0,0,0,0,0,0.0,29.35,67.0,3.0,120.0,33.4,25.3,,,8.099999999999998,naia,14.5047,121.004751,21.0,0.0,0.05,11.050000000000008,0.016666666666666666,1.5785714285714296,0.05,11.0,0.05,0.0,0,75.0,80.0,19.6645,0.0,0.0,0.0,0,30.090000000000014,unknown,11
,2022,2022-01-10,1,10,,,,,,,,,0,0,0,0,0,0,0,0,0,0,0.0,28.5,75.0,2.0,260.0,31.9,25.1,,,6.799999999999997,naia,14.5047,121.004751,21.0,0.0,0.0,0.0,0.0,0.0,0.0,0.0,0.0,0.0,0,73.66666666666667,74.0,21.375,0.0,0.0,0.0,0,29.363888888888894,unknown,11
,2022,2022-12-24,12,24,,,,,,,,,0,0,0,0,0,0,0,0,0,0,0.0,26.9,61.0,4.0,80.0,29.6,24.2,,,5.400000000000002,naia,14.5047,121.004751,21.0,0.0,0.0,7.1,0.0,1.0142857142857142,0.0,6.5,0.0,0.0,0,63.666666666666664,61.0,16.409,0.0,0.0,0.0,0,27.238333333333337,unknown,11
,2022,2022-03-02,3,2,,,,,,,,,0,0,0,0,0,0,0,0,0,0,0.0,29.2,64.0,3.0,130.0,34.0,24.4,,,9.600000000000001,naia,14.5047,121.004751,21.0,0.0,0.0,0.10000000000000711,0.0,0.014285714285715302,0.0,0.05,0.0,0.0,0,61.666666666666664,61.0,18.688,0.0,0.0,0.0,0,29.846666666666668,unknown,11
,2022,2022-01-19,1,19,,,,,,,,,0,0,0,0,0,0,0,0,0,0,0.05,27.1,71.0,2.0,110.0,29.9,24.3,,,5.599999999999998,naia,14.5047,121.004751,21.0,0.0,0.05,0.05000000000000711,0.016666666666666666,0.007142857142858158,0.05,0.05,0.0,0.0,0,67.66666666666667,66.0,19.241,3.464101656029672,1.3222134489916073,0.0,0,27.71944444444445,unknown,11
,2022,2022-05-31,5,31,,,,,,,,,0,0,0,0,0,0,0,0,0,0,7.5,28.5,77.0,2.0,130.0,32.4,24.6,,,7.799999999999997,naia,14.5047,121.004751,21.0,0.0,10.55,63.60000000000001,3.516666666666667,9.085714285714287,7.5,39.0,3.0,0.05,2,76.0,73.0,21.945,164.78509458921286,60.991885659643714,0.0,0,29.41611111111111,unknown,11
,2022,2022-12-25,12,25,,,,,,,,,0,0,0,0,0,0,0,0,0,0,0.0,26.2,63.0,5.0,70.0,28.4,24.0,,,4.399999999999999,naia,14.5047,121.004751,21.0,0.0,0.0,6.6,0.0,0.9428571428571428,0.0,6.5,0.0,0.0,0,61.666666666666664,61.0,16.506,0.0,0.0,0.0,0,26.520555555555553,unknown,11
,2022,2022-04-21,4,21,,,,,,,,,0,0,0,0,0,0,0,0,0,0,0.0,31.25,65.0,3.0,120.0,35.6,26.9,,,8.700000000000003,naia,14.5047,121.004751,21.0,0.0,0.0,0.10000000000001422,0.0,0.014285714285716317,0.0,0.05,0.0,0.0,0,64.66666666666667,66.0,20.3125,0.0,0.0,0.0,0,32.12777777777779,unknown,11
,2022,2022-02-25,2,25,,,,,,,,,0,0,0,0,0,0,0,0,0,0,0.05,28.950000000000003,67.0,3.0,110.0,33.1,24.8,,,8.3,naia,14.5047,121.004751,21.0,0.0,0.05,18.10000000000001,0.016666666666666666,2.5857142857142867,0.05,18.0,0.0,0.0,0,67.0,64.0,19.3965,3.268940999351944,1.4124752527050566,0.0,0,29.650000000000002,unknown,11
,2022,2022-05-23,5,23,,,,,,,,,0,0,0,0,0,0,0,0,0,0,10.5,30.05,83.0,2.0,140.0,34.5,25.6,,,8.899999999999999,naia,14.5047,121.004751,21.0,0.0,15.0,39.000000000000014,5.0,5.571428571428574,10.5,10.5,4.0,0.5,9,79.33333333333333,79.0,24.9415,202.71480393564394,73.39252841284458,0.0,0,31.27777777777778,unknown,11
,2022,2022-05-08,5,8,,,,,,,,,0,0,0,0,0,0,0,0,0,0,0.0,30.7,61.0,3.0,110.0,36.0,25.4,,,10.600000000000001,naia,14.5047,121.004751,21.0,0.0,0.0,0.0,0.0,0.0,0.0,0.0,0.0,0.0,0,61.666666666666664,63.0,18.727,0.0,0.0,0.0,0,31.418333333333333,unknown,11
,2022,2022-03-08,3,8,,,,,,,,,0,0,0,0,0,0,0,0,0,0,0.0,29.65,64.0,3.0,100.0,32.9,26.4,,,6.5,naia,14.5047,121.004751,21.0,0.0,0.0,0.0,0.0,0.0,0.0,0.0,0.0,0.0,0,63.666666666666664,61.0,18.976,0.0,0.0,0.0,0,30.341666666666665,unknown,11
,2022,2022-01-30,1,30,,,,,,,,,0,0,0,0,0,0,0,0,0,0,0.05,28.4,80.0,4.0,270.0,31.5,25.3,,,6.199999999999999,naia,14.5047,121.004751,21.0,0.0,0.05,11.100000000000009,0.016666666666666666,1.585714285714287,0.05,11.0,0.0,0.0,0,76.66666666666667,78.0,22.72,3.90321313355456,1.3856406624118687,0.0,0,29.384444444444448,unknown,11
,2022,2022-04-29,4,29,,,,,,,,,0,0,0,0,0,0,0,0,0,0,0.0,31.5,66.0,3.0,120.0,35.5,27.5,,,8.0,naia,14.5047,121.004751,21.0,0.0,4.5,4.550000000000014,1.5,0.650000000000002,4.5,4.5,0.0,4.5,0,66.0,67.0,20.79,0.0,0.0,0.0,0,32.42888888888889,unknown,11
,2022,2022-03-07,3,7,,,,,,,,,0,0,0,0,0,0,0,0,0,0,0.0,29.3,61.0,2.0,280.0,33.2,25.4,,,7.800000000000004,naia,14.5047,121.004751,21.0,0.0,0.0,0.0,0.0,0.0,0.0,0.0,0.0,0.0,0,64.0,66.0,17.873,0.0,0.0,0.0,0,29.878333333333337,unknown,11
,2022,2022-03-09,3,9,,,,,,,,,0,0,0,0,0,0,0,0,0,0,0.0,28.9,66.0,4.0,120.0,32.5,25.3,,,7.199999999999999,naia,14.5047,121.004751,21.0,0.0,0.0,0.0,0.0,0.0,0.0,0.0,0.0,0.0,0,63.666666666666664,64.0,19.073999999999998,0.0,0.0,0.0,0,29.568888888888882,unknown,11
,2022,2022-02-01,2,1,,,,,,,,,0,0,0,0,0,0,0,0,0,0,0.0,27.6,67.0,3.0,120.0,32.2,23.0,,,9.200000000000003,naia,14.5047,121.004751,21.0,0.0,0.05,11.050000000000008,0.016666666666666666,1.5785714285714296,0.05,11.0,0.0,0.05,0,71.33333333333333,67.0,18.492,0.0,0.0,0.0,0,28.165000000000003,unknown,11
,2022,2022-01-13,1,13,,,,,,,,,0,0,0,0,0,0,0,0,0,0,0.0,25.95,72.0,3.0,100.0,29.2,22.7,,,6.5,naia,14.5047,121.004751,21.0,0.0,0.05,0.05000000000000711,0.016666666666666666,0.007142857142858158,0.05,0.05,0.05,0.0,0,69.33333333333333,71.0,18.683999999999997,0.0,0.0,0.0,0,26.48055555555555,unknown,11
,2022,2022-02-11,2,11,,,,,,,,,0,0,0,0,0,0,0,0,0,0,0.0,28.35,68.0,3.0,110.0,32.9,23.8,,,9.099999999999998,naia,14.5047,121.004751,21.0,0.0,0.0,0.5000000000000071,0.0,0.07142857142857244,0.0,0.5,0.0,0.0,0,65.66666666666667,64.0,19.278000000000002,0.0,0.0,0.0,0,29.01611111111111,unknown,11
,2022,2022-05-06,5,6,,,,,,,,,0,0,0,0,0,0,0,0,0,0,0.0,32.05,61.0,3.0,120.0,35.9,28.2,,,7.699999999999999,naia,14.5047,121.004751,21.0,0.0,0.0,0.0,0.0,0.0,0.0,0.0,0.0,0.0,0,59.666666666666664,60.0,19.550499999999996,0.0,0.0,0.0,0,32.903333333333336,unknown,11
,2022,2022-04-12,4,12,,,,,,,,,0,0,0,0,0,0,0,0,0,0,4.5,28.35,79.0,2.0,260.0,30.9,25.8,,,5.099999999999998,naia,14.5047,121.004751,21.0,0.0,4.55,8.550000000000015,1.5166666666666666,1.2214285714285735,4.5,4.5,0.05,0.0,1,74.0,71.0,22.3965,134.6750992868356,48.32960841495936,0.0,0,29.303333333333327,unknown,11
,2022,2022-12-13,12,13,,,,,,,,,0,0,0,0,0,0,0,0,0,0,0.0,29.450000000000003,73.0,2.0,100.0,32.1,26.8,,,5.300000000000001,naia,14.5047,121.004751,21.0,0.0,0.0,17.0,0.0,2.4285714285714284,0.0,13.5,0.0,0.0,0,76.0,77.0,21.498500000000003,0.0,0.0,0.0,0,30.356666666666666,unknown,11
,2022,2022-05-14,5,14,,,,,,,,,0,0,0,0,0,0,0,0,0,0,0.0,31.950000000000003,73.0,3.0,90.0,35.6,28.3,,,7.300000000000001,naia,14.5047,121.004751,21.0,0.0,4.5,4.500000000000014,1.5,0.6428571428571449,4.5,4.5,4.5,0.0,0,66.33333333333333,66.0,23.323500000000003,0.0,0.0,0.0,0,33.10666666666666,unknown,11
,2022,2022-04-02,4,2,,,,,,,,,0,0,0,0,0,0,0,0,0,0,0.0,28.75,61.0,3.0,100.0,34.1,23.4,,,10.700000000000003,naia,14.5047,121.004751,21.0,0.0,3.5,3.550000000000014,1.1666666666666667,0.5071428571428591,3.5,3.5,3.5,0.0,0,66.0,72.0,17.5375,0.0,0.0,0.0,0,29.273333333333337,unknown,11
,2022,2022-02-08,2,8,,,,,,,,,0,0,0,0,0,0,0,0,0,0,0.0,28.7,72.0,3.0,110.0,32.8,24.6,,,8.199999999999996,naia,14.5047,121.004751,21.0,0.0,0.5,0.5000000000000071,0.16666666666666666,0.07142857142857244,0.5,0.5,0.5,0.0,0,70.66666666666667,75.0,20.664,0.0,0.0,0.0,0,29.505555555555556,unknown,11
,2022,2022-12-21,12,21,,,,,,,,,0,0,0,0,0,0,0,0,0,0,0.05,27.35,76.0,3.0,10.0,29.9,24.8,,,5.099999999999998,naia,14.5047,121.004751,21.0,0.0,6.6,37.1,2.1999999999999997,5.3,6.5,21.5,6.5,0.05,0,78.66666666666667,86.0,20.785999999999998,3.708052476876832,1.3344109900339653,0.0,0,28.125000000000007,unknown,11
,2022,2022-04-27,4,27,,,,,,,,,0,0,0,0,0,0,0,0,0,0,4.5,30.9,65.0,3.0,120.0,35.6,26.2,,,9.400000000000002,naia,14.5047,121.004751,21.0,0.0,4.5,4.550000000000014,1.5,0.650000000000002,4.5,4.5,0.0,0.0,1,66.66666666666667,66.0,20.085,110.80862599549764,52.676716050167336,0.0,0,31.74277777777778,unknown,11
,2022,2022-12-23,12,23,,,,,,,,,0,0,0,0,0,0,0,0,0,0,0.0,27.5,61.0,3.0,90.0,30.0,25.0,,,5.0,naia,14.5047,121.004751,21.0,0.0,0.05,28.6,0.016666666666666666,4.085714285714286,0.05,21.5,0.0,0.05,0,68.66666666666667,69.0,16.775,0.0,0.0,0.0,0,27.89833333333333,unknown,11
,2022,2022-12-08,12,8,,,,,,,,,0,0,0,0,0,0,0,0,0,0,0.5,28.9,68.0,2.0,100.0,31.4,26.4,,,5.0,naia,14.5047,121.004751,21.0,0.0,0.5,0.65,0.16666666666666666,0.09285714285714286,0.5,0.5,0.0,0.0,1,69.0,68.0,19.651999999999997,27.57162735135518,11.71794162432595,0.0,0,29.6211111111111,unknown,11
